英語,日本語,id
replaceable,置き換えられる，代わりのある(形容詞),1
spark,火花，きらめき(名詞),2
pity,同情，あわれみ(名詞),3
strictly,厳密に，厳しく(副詞),4
brightly,明るく，輝いて(副詞),5
hang on,しがみつく，頑張る(熟語),6
look up to,を尊敬する，を敬う(熟語),7
sympathetic,思いやりのある，共感的な(形容詞),8
end up,最終的に，することになる(熟語),9
chimney,煙突(名詞),10
temper,気性，かんしゃく(名詞),11
quarrel,喧嘩，口論，言い争い(名詞),12
bark,吠える/木の皮(動詞/名詞),13
loyalty,忠誠，誠実(名詞),14
intent,意図，目的(名詞),15
lately,最近(副詞),16
invade,侵略する(動詞),17
tender,優しい/世話人(形容詞/名詞),18
map out,綿密に計画する，詳細に計画する，地図に精密に示す(熟語),19
spontaneous,自発的な，任意の(形容詞),20
forgive,を許す，大目に見る(動詞),21
in contrast,対照的に，これに対して(熟語),22
fame,名声(名詞),23
modest,控えめな(形容詞),24
thumb,親指(名詞),25
robber,強盗，強盗罪(名詞),26
terribly,ひどく，ものすごく(副詞),27
drawer,引き出し(名詞),28
informal,非公式な，略式の(形容詞),29
conclusive,決定的な，結論的な(形容詞),30
fertilizer,肥料，育成剤(名詞),31
holistic,全体論の，総体的な(形容詞),32
sincerely,心から，真心こめて(副詞),33
sympathy,同情，思いやり(名詞),34
pat,軽くたたく，軽く打つ(動詞),35
in order to,～するために，～の目的で(熟語),36
pioneer,開拓者，先駆者(名詞),37
mend,を直す，修繕する(動詞),38
pollution,汚染，汚れ，汚染物(名詞),39
tightly,しっかりと，きつく(副詞),40
cruel,残酷な，ひどい(形容詞),41
oxygen,酸素(名詞),42
come down with,病気などにかかる，罹患する(熟語),43
applause,拍手かっさい，称賛(名詞),44
spectator,観客，見物人(名詞),45
afford to,する余裕がある(熟語),46
slave,奴隷(名詞),47
debt,借金，負債(名詞),48
tame,飼いならす(動詞),49
blank,白紙の，空白の(形容詞),50
gross,全体の，総体的な(形容詞),51
meantime,合間に，その間に(名詞/副詞),52
impractical,非実用的な，実行不可能な(形容詞),53
sturdy,たくましい，頑強な(形容詞),54
confess,を打ち明ける，白状する(動詞),55
silence,沈黙，静けさ(名詞),56
incredible,信じられない，信じがたい(形容詞),57
nasty,不快な，不愉快な(形容詞),58
envelope,封筒，封書(名詞),59
ugly,醜い(形容詞),60
do away with,廃止する，取り消す(熟語),61
horrible,恐ろしい(形容詞),62
leap in,飛び込む，急上昇(熟語),63
soap,せっけん(名詞),64
spite,悪意，恨み(名詞),65
reception,応接，歓迎(名詞),66
noble,気高い，高貴な(形容詞),67
capacity,容量，容積(名詞),68
blend,を混ぜ合わせる，を混ぜる(動詞),69
tuck in,押し込む，詰め込む(熟語),70
religious,宗教上の，信仰の(形容詞),71
laundry,洗濯物，洗濯(名詞),72
interval,間隔，合い間(名詞),73
rob,から奪う，強奪する(動詞),74
vast,広大な，莫大な(形容詞),75
luggage,荷物，手荷物(名詞),76
grief,悲しみ，深い悲しみ(名詞),77
kettle,やかん，湯沸かし(名詞),78
flock,群れ，集団(名詞),79
fall for,に夢中になる，騙される，引きつけられる(熟語),80
intend to,するつもりである，する意図がある(熟語),81
adventure,冒険(名詞),82
cart,荷車，荷馬車(名詞),83
earthquake,地震(名詞),84
grace,恵み(名詞),85
shell,貝殻，貝(名詞),86
weave,織物を織る(動詞),87
boast,自慢する，誇示する(動詞),88
knock down,を取り壊す，打ち倒す(熟語),89
bandage,包帯，絆創膏，ガーゼ(名詞),90
afterward,その後(副詞),91
instruct,指示する，教える(動詞),92
starve,飢える(動詞),93
horizon,地平線，水平線(名詞),94
arrest,を逮捕する，捕まえる(動詞),95
lay off,を解雇する，首にする(熟語),96
prestigious,著名な，名声のある(形容詞),97
geography,地理，地理学(名詞),98
per,につき，ごとに(前置詞),99
at face value,額面通り，表面通りの価値で(熟語),100
act up,あばれる，騒ぐ(熟語),101
beggar,乞食，物乞い(名詞),102
warmth,暖かさ，温もり(名詞),103
stabilize,固定させる，安定させる(動詞),104
meadow,牧草地，草原(名詞),105
water down,水で薄める，和らげる(熟語),106
fountain,噴水，泉(名詞),107
phase out,段階的に廃止する，撤去する(熟語),108
thin,薄い，痩せた(形容詞),109
replacement,置換，代替(名詞),110
cage,かご，おり(名詞),111
get past,のそばを通る，通り抜ける(熟語),112
what is more,さらに，その上(熟語),113
invitation,招待，案内(名詞),114
container,容器，入れ物(名詞),115
jealous,うらやましい，嫉妬している(形容詞),116
marble,大理石，大理石模様(名詞),117
tutor,家庭教師，個別指導者(名詞),118
unite,を結合させる，団結する(動詞),119
in substance,実質上，実際には，事実上(熟語),120
comb,くし(名詞),121
fiction,創作，作り話(名詞),122
in the red,赤字で，赤字経営で(熟語),123
frank,率直な，隠さない(形容詞),124
spectacle,光景，ありさま(名詞),125
eager to,したがる，熱意を持って(熟語),126
shed light on,に光を放つ，当てる(熟語),127
fanatical,熱狂的な，熱烈な(形容詞),128
glue,接着剤(名詞),129
bold,勇敢な(形容詞),130
ultimately,最後に，ついに(副詞),131
backyard,裏庭(名詞),132
roast,あぶり焼きにする(動詞),133
neat,きちんとした(形容詞),134
put up at,に泊まる，宿泊する(熟語),135
set a precedent,先例を作る，前例を作る(熟語),136
flash,閃光(名詞),137
organ,臓器(名詞),138
kingdom,王国(名詞),139
outstanding,並外れた，目立った(形容詞),140
rise and shine,起き上がる，起床する(熟語),141
vague,漠然とした，あいまいな(形容詞),142
break into tears,涙が出る，泣き出す(熟語),143
ankle,足首，くるぶし(名詞),144
instead,代わりに，その代わり(副詞),145
striking,印象的な，目立つ(形容詞),146
harsh,厳しい(形容詞),147
vandalize,わざと壊す，故意に破壊する(動詞),148
essence,本質，真髄(名詞),149
pull over,車を止める，車を停止させる(熟語),150
calmly,落ち着いて，静かに(副詞),151
fortunately,運よく，幸いにも(副詞),152
countryside,田舎，地方(名詞),153
vanish,消える(動詞),154
be akin to,に似ている，と同種である(熟語),155
atom,原子，微小分子(名詞),156
rage,激怒，憤慨(名詞),157
sincere,誠実な(形容詞),158
elder,年上の，年長の(形容詞),159
convention,大会，会議(名詞),160
urgent,緊急の，急を要する(形容詞),161
rough up,手荒く扱う，かき乱す(熟語),162
glorify,栄光をたたえる，賛美する(動詞),163
stair,階段(名詞),164
atlas,地図帳(名詞),165
invention,発明，創造(名詞),166
be incongruous with,と矛盾する，と不一致である(熟語),167
delighted,うれしい，喜んだ(形容詞),168
go astray,行方不明になる，堕落する(熟語),169
wrap,を包む，巻きつける(動詞),170
shallow,浅い(形容詞),171
bush,茂み，低木(名詞),172
stiff,硬い(形容詞),173
discern,はっきり分かる，認める(動詞),174
seclusion,隔離，分離(名詞),175
discharge,排出，放電/荷を降ろす(動詞),176
progression,前進，進歩(名詞),177
wheat,小麦(名詞),178
weary,疲れた，疲弊した(形容詞),179
purse,財布，ハンドバッグ(名詞),180
blame,を非難する，批判する(動詞),181
employment,雇用，採用(名詞),182
consequently,その結果として，それゆえに(副詞),183
fare,運賃(名詞),184
venue,会場，場所(名詞),185
archaeological,考古学の，古典的な(形容詞),186
stumbling block,障害，障害物(名詞),187
chill,冷たさ，寒気(名詞),188
distribute,を配布する，分配する(動詞),189
breeze,そよ風(名詞),190
parcel,小包，包み(名詞),191
sew up,縫合する，縫い合わせる(熟語),192
prop up,添える，支える(熟語),193
fall back on,に頼る，信じる(熟語),194
weed,雑草，草取り(名詞),195
bless,を祝福する，に授ける(動詞),196
specialize in,に特化する，専門とする(熟語),197
headache,頭痛(名詞),198
feather,羽根，羽毛(名詞),199
electricity,電力，電気(名詞),200
ladder,はしご，踏み台(名詞),201
deflate,空気を抜く，しぼませる(動詞),202
dawn,夜明け，暁(名詞),203
filament,細糸，線条(名詞),204
be prone to,する傾向がある，しがちである(熟語),205
injure,を傷つける(動詞),206
end up with,で終わる，の羽目になる(熟語),207
weep,泣く，涙を流す(動詞),208
peasant,農民，農夫(名詞),209
baggage,荷物，手荷物(名詞),210
deliberate,故意の，意図的な(形容詞),211
break up,別れる(熟語),212
era,時代，世代(名詞),213
pessimism,悲観的，悲観主義(名詞),214
give off,を放つ，放出する(熟語),215
contend with,と戦う，張り合う(熟語),216
bore,退屈させる，うんざりさせる(動詞),217
instance,衝動，例(名詞),218
villain,悪党，悪者(名詞),219
miserly,しみったれた，欲深い(形容詞),220
disappointment,失望，期待外れ(名詞),221
peel away,むく，剥がす(熟語),222
under fire,攻撃を受けて，批判を受けて(熟語),223
complicated,複雑な，繁雑な(形容詞),224
no longer,もはや～でない，既に～ない(熟語),225
wrist,手首，そで口(名詞),226
pay regard to,を尊重する，尊敬する(熟語),227
apology,謝罪，お詫び(名詞),228
refrigerator,冷蔵庫，冷却装置(名詞),229
keep at,を根気よく続ける，継続する(熟語),230
suck,を吸う，すする(動詞),231
breed,を飼育する，繁殖する(動詞),232
cut off,を断つ，切る(熟語),233
anyhow,どうしても，なんとしても(副詞),234
monastery,修道院(名詞),235
bound,跳ねる，跳ね返る(動詞),236
opt for,選ぶ，選択する(熟語),237
turn over,をひっくり返す(熟語),238
tendency,傾向(名詞),239
get by,どうにか切り抜ける(熟語),240
departure,出発(名詞),241
devote,に捧げる，ゆだねる(動詞),242
tuition fee,授業料，学費(名詞),243
beard,ひげ，あごひげ(名詞),244
weed out,取り除く，引き抜く(熟語),245
intimacy,親密さ，親交関係(名詞),246
mockingly,あざけるように，からかって(副詞),247
fortunate,幸運な，運の良い(形容詞),248
offensive,攻撃的な，無礼な(形容詞),249
inopportune,間の悪い，都合の悪い(形容詞),250
in response to,に応じて，に反応して(熟語),251
scoop up,すくい取る，くみ上げる(熟語),252
stand down,身を引く，後退する(熟語),253
rub in,刷り込む，繰り返し言う(熟語),254
steep,急勾配の，傾斜の急な(形容詞),255
screw,ねじ(名詞),256
see out,見送る，見届ける(熟語),257
moustache,口ひげ(名詞),258
dull,面白みのない，鈍い(形容詞),259
expense,費用，出費，犠牲(名詞),260
loyal,忠実な，信念の厳格な(形容詞),261
fall apart,崩壊する，ばらばらに壊れる(熟語),262
flour,小麦粉(名詞),263
vase,花瓶，つぼ(名詞),264
grain,穀物，穀類(名詞),265
crush,を押しつぶす(動詞),266
pill,丸薬，錠剤(名詞),267
fund,基金，資金(名詞),268
deadly,致命的な，命にかかわる(形容詞),269
abuse,乱用，悪用(名詞),270
destination,目的地，行き先(名詞),271
residence,住宅，居住地(名詞),272
plunge A into B,AがBに飛び込む，突進する(熟語),273
embarrassment,困惑，当惑(名詞),274
all ears,耳を傾ける，熱心に聴く(熟語),275
infant,乳児，赤ちゃん(名詞),276
inherit,を受け継ぐ，相続する(動詞),277
launch,発売する，船をおろす(動詞),278
tidy,きちんとした(形容詞),279
uncertain,不確実な，確信を持てない(形容詞),280
scarcely,ほとんどない(副詞),281
token,しるし，象徴(名詞),282
sticky,べたつく，ねばねばした(形容詞),283
apologize,謝る，謝罪する(動詞),284
halfway,途中の，中間の(形容詞),285
pass over,を無視する，通り越す(熟語),286
yawn,欠伸をする，あくびをする(動詞),287
minister,大臣，牧師(名詞),288
assert,主張する，主意を表す(動詞),289
consciousness,意識，知覚(名詞),290
surrounding,周囲，付近(名詞),291
crawl,這う，這って進む(動詞),292
wilderness,荒野，未開の地(名詞),293
detective,探偵，刑事，捜査官(名詞),294
seal,密閉する，封鎖する(動詞),295
measurement,測定，計測(名詞),296
depart,出発する，立ち去る(動詞),297
determination,決定，決断(名詞),298
take offense at,に怒る，腹を立てる(熟語),299
preach,説教する，説く(動詞),300
scenery,風景(名詞),301
efficiency,効率，能率(名詞),302
to no avail,無駄に，役に立たずに(熟語),303
in the concrete,具体的に，具体化すると(熟語),304
competitor,競合他社，競争相手(名詞),305
drag on,長引く，続きすぎる(熟語),306
mercy,慈悲，あわれみ(名詞),307
differ,異なる，違う(動詞),308
infringe on,侵害する，侵犯する(熟語),309
formerly,以前は，かつて(副詞),310
favorable,好ましい，有利な(形容詞),311
sew,縫う，繕う(動詞),312
pertain to,に関係する，にふさわしい(熟語),313
sting,刺す，突く(動詞),314
lie on,責任がある，のしかかる，横になる(熟語),315
adjustment,調整，調節(名詞),316
confession,告白，自白(名詞),317
ministry,省庁，官庁(名詞),318
outcome,結果(名詞),319
boil down to,煮詰める，結局～になる(熟語),320
scent,香り，におい(名詞),321
wicked,邪悪な，悪い(形容詞),322
ups and downs,浮き沈み，上昇と下降(名詞),323
triumph,勝利(名詞),324
equate A with B,AとBを等しくする，AをBと同等にする(熟語),325
sculpture,彫刻，彫像(名詞),326
await,を待つ(動詞),327
agricultural,農業の，農作物の(形容詞),328
conscience,良心，道徳心(名詞),329
heal,癒す，治す(動詞),330
profitable,利益のある，収益性の高い(形容詞),331
haste,急ぐ/急ぎ(名詞),332
weaken,弱める，力を失う(動詞),333
complain of,の不満を漏らす，について苦情を言う(熟語),334
resemble,に似ている(動詞),335
butcher,肉屋(名詞),336
engagement,約束，取り決め(名詞),337
the lion's share,最大の分け前，大きすぎる分け前(名詞),338
humble,謙虚な(形容詞),339
stir,"をかき混ぜる, 混ぜる(動詞)",340
stock,株，在庫/を在庫に持つ(名詞),341
blend in,溶け合う，調和する(熟語),342
ignorance,無知，無学(名詞),343
flare up,急に燃え上がる，勃発する(熟語),344
commerce,商業，商売(名詞),345
clap,手をたたく(動詞),346
dusty,ほこりっぽい(形容詞),347
unkind,不親切な，薄情な(形容詞),348
pavement,舗装路(名詞),349
rule of thumb,親指で計測すること，大雑把な方法(名詞),350
fall prey to,の餌食になる，犠牲になる(熟語),351
restrain,抑える(動詞),352
imperial,帝国の(形容詞),353
pass off,次第に消える，徐々に消える(熟語),354
advertisement,広告，宣伝(名詞),355
fall in with,と知り合いになる，交際する(熟語),356
betray,を裏切る，をだます(動詞),357
coward,腰抜け，臆病者(名詞),358
obedient,従順な，素直な(形容詞),359
kidnap,を誘拐する(動詞),360
ashtray,灰皿(名詞),361
pass for,として通る，通過する(熟語),362
porter,運搬人(名詞),363
faithful,忠実な，誠実な(形容詞),364
hollow,くぼみ/空洞のある(名詞),365
after all,結局，最終的に(熟語),366
hidden,隠された，隠秘の(形容詞),367
limb,手足，四肢(名詞),368
admiration,感心，賞賛(名詞),369
prosperity,繁栄，成功(名詞),370
enthusiastic,熱狂的な，熱烈な(形容詞),371
surrender,降伏する，投降する(動詞),372
miserable,悲惨な，みじめな(形容詞),373
decay,腐る，朽ちる(動詞),374
enclose,を囲む，同封する(動詞),375
ambitious,野心的な，大志を抱く(形容詞),376
bear the brunt of,の矢面に立つ，まともに受ける(熟語),377
guilt,罪悪感，有罪(名詞),378
occasional,時折の(形容詞),379
take a beating,負ける，敗北する(熟語),380
puppy,子犬，幼犬(名詞),381
greedy,貪欲な，欲張りの(形容詞),382
admire A for B,BについてAを賞賛する，AのBを素晴らしいと思う(熟語),383
bestow A on B,BにAを授ける，BにAを費やす(熟語),384
envy,妬み，羨望(名詞),385
partial,部分的な，一部の(形容詞),386
awfully,ひどく，恐ろしく(副詞),387
by the same token,同様に，さらに(熟語),388
razor,かみそり(名詞),389
nap,昼寝(名詞),390
rejoice,をうれしがる，喜ぶ(動詞),391
heroic,英雄的な，勇ましい(形容詞),392
descend,下降する(動詞),393
multiply,掛け算する，乗算する(動詞),394
make haste,急ぐ，手早くする(熟語),395
drum up,呼び集める，募集する(熟語),396
formation,形成，構成(名詞),397
namely,すなわち，つまり(副詞),398
mighty,強力な，精力のある(形容詞),399
pop up,飛び出す，出現する(熟語),400
handful,一握りの(形容詞),401
pronounce,を発音する(動詞),402
pay down,頭金として払う，即金で払う(熟語),403
saucer,受け皿(名詞),404
outer,外に，外部の(形容詞),405
despair,絶望，失望(名詞),406
antique,骨董の，古風な(形容詞),407
glory,栄光，名誉(名詞),408
immense,巨大な，莫大な(形容詞),409
faint,かすかな，ぼんやりした(形容詞),410
insult,を侮辱する，を罵る(動詞),411
forecast,予測する(動詞),412
chew,を噛む(動詞),413
set forth,説明する，を明らかにする(熟語),414
scholarship,奨学金(名詞),415
fatal,致命的な，運命の(形容詞),416
repay,返済する，報いる(動詞),417
deceive,を欺く，をだます(動詞),418
out of the woods,森の外へ，困難を脱して(熟語),419
accuse,告発する，告発(動詞),420
in other words,言い換えれば，つまり(熟語),421
frankly,率直に，直接的に(副詞),422
land A with B,AにBを引き受けさせる，AにBをやらせる(熟語),423
ache,痛み(名詞),424
activate,作動させる(動詞),425
composer,作曲，楽曲制作(名詞),426
postpone,を延期する，を先送りする(動詞),427
issue A to B,AをBに支給する，発行する(熟語),428
from hand to mouth,その日暮らしで，将来の備えをしないで(熟語),429
monument,記念碑(名詞),430
cruelty,残酷さ，残虐性(名詞),431
go nuts,気がふれる，怒り狂う(熟語),432
canal,運河(名詞),433
amaze,をびっくりさせる，驚かせる(動詞),434
prolong,延長する(動詞),435
bud,つぼみ(名詞),436
hatred,憎しみ，憎悪(名詞),437
splendid,素晴らしい，華やかな(形容詞),438
basin,盆地(名詞),439
bleed,出血する(動詞),440
ripe,熟した，熟れた(形容詞),441
thorough,徹底した(形容詞),442
digest,要約/消化する(名詞),443
rattle,ガタガタ鳴る(動詞),444
athletic,競技の，運動家の(形容詞),445
sidewalk,歩道，歩行者道(名詞),446
fasten,を固定する，締める(動詞),447
dish out,盛り付ける，配膳する(熟語),448
interpreter,解説者，通訳者(名詞),449
scold,を叱る，に小言を言う(動詞),450
ruling,支配的な，主要な，優勢な(形容詞),451
thoroughly,徹底的に，完全に(副詞),452
paragraph,段落，区切り(名詞),453
cast off,投げ捨てる，縄を解く(熟語),454
vain,うぬぼれの強い，自惚れた(形容詞),455
marvelous,素晴らしい(形容詞),456
conquer,征服する(動詞),457
obey,従う(動詞),458
ally,と同盟する，手を結ぶ(動詞),459
arc,円弧，孤(名詞),460
pass on,通り過ぎる，を伝える(熟語),461
lipstick,口紅(名詞),462
merrily,陽気に，楽しそうに(副詞),463
sorrow,悲しみ(名詞),464
in exchange,と引き換えに，代わりに(熟語),465
hillside,山腹，斜面(名詞),466
hasty,急ぐ，急ぎ足で(形容詞),467
margin,余白，へり(名詞),468
in place of,の代わりに，変わって(熟語),469
swift,迅速な，速い(形容詞),470
oral,口頭の，口述の(形容詞),471
to excess,過剰に，過度に(熟語),472
ambassador,大使(名詞),473
concentrated,濃縮された，集中した(形容詞),474
flu,インフルエンザ(名詞),475
in the suburbs of,の郊外で，の近郊で(熟語),476
symphony,交響曲(名詞),477
tread,足を踏み入れる(動詞),478
hasten,急ぐ(動詞),479
pastime,娯楽(名詞),480
magnificent,壮大な(形容詞),481
errand,使い走り(名詞),482
pass through,を通る，通り抜ける(熟語),483
fairness,公平さ(名詞),484
make allowance for,を大目に見る，を考慮に入れる(熟語),485
hedge,垣根，障壁，障害物(名詞),486
out in the cold,冷たくされて，無視されて(熟語),487
patiently,辛抱強く，根気よく(副詞),488
herd,群れ，集団(名詞),489
out of bounds,立入禁止で，境界線を越えて(熟語),490
approximately,約，おおよそ(副詞),491
liver,肝臓，肝(名詞),492
be reckless of,を気に掛けない，気にしない(熟語),493
dominant,支配的な(形容詞),494
shrink,縮小する(動詞),495
instantly,すぐに，直ちに，即座に(副詞),496
biology,生物学(名詞),497
feed on,にエサをやる，(～を)えさとする(熟語),498
scarce,乏しい(形容詞),499
at close quarters,間近に，接近して(熟語),500
vigor,活力(名詞),501
capitalism,資本主義(名詞),502
conquest,征服，克服(名詞),503
sparkle,閃光(名詞),504
arena,舞台，闘技場(名詞),505
pinch,をつねる，つまむ(動詞),506
embroil in,に巻き込む，関与させる(熟語),507
attain,を達成する，獲得する(動詞),508
speak ill of,の悪口を言う，を悪く言う(熟語),509
ban,を禁止する，を禁制する(動詞),510
assign,割り当てる(動詞),511
die down,下火になる，(騒ぎが)静まる(熟語),512
all told,全体で，結局(熟語),513
blow in,風が吹き込む，突然現れる(熟語),514
grind,をひく，細かく砕く(動詞),515
plow,耕作用すき，すきに似たもの(名詞),516
prohibit,禁じる(動詞),517
conceive,を心に抱く，思う(動詞),518
conjure up,素早く出す，呪文で呼び出す(熟語),519
disgusting,いやな，むかつくような(形容詞),520
medieval,中世の(形容詞),521
fish for,聞き出す，誘い出す(熟語),522
fascinating,魅惑的な，うっとりさせる(形容詞),523
dock,船着場，波止場(名詞),524
go under,失敗する，破産する，失敗に終わる(熟語),525
retreat,へ退却する/後退(動詞),526
productivity,生産性，生産力(名詞),527
feed off,から取って食べる，情報を得る，採取して利用する(熟語),528
shiny,輝いた，光沢のある(形容詞),529
organism,生命体，生物(名詞),530
sow,の種をまく(動詞),531
buy over,買収する，味方に抱き込む(熟語),532
courageous,勇気のある，勇敢な(形容詞),533
kneel,に膝まづく，ひざをつく(動詞),534
procession,行列(名詞),535
carry off,運び去る，誘拐する(熟語),536
majesty,威厳(名詞),537
suspicion,疑い，疑惑(名詞),538
desperately,必死に(副詞),539
startle,驚愕させる(動詞),540
heir,相続人，跡取り(名詞),541
illusion,幻覚，思い込み(名詞),542
progressive,進歩的な，革新的な(形容詞),543
utter,完全な(形容詞),544
mourn,を悲しむ，嘆く(動詞),545
round and round,グルグルと，うろうろと(熟語),546
solely,単独で，専ら(副詞),547
ill at ease,落ち着かない，不安な(形容詞),548
strive,努力する，励む(動詞),549
snatch,をひったくる(動詞),550
omit,を省略する，省く(動詞),551
sole,単独の(形容詞),552
despise,を軽蔑する，さげすむ(動詞),553
obedience,従順，服従(名詞),554
boredom,退屈(名詞),555
furnish,家具を備える(動詞),556
daring,大胆な，図太い(形容詞),557
appreciation,感謝，称賛(名詞),558
prosper,繁栄する，発展する(動詞),559
rosy,バラ色の(形容詞),560
noticeable,目立つ，際立つ(形容詞),561
fantastic,素晴らしい(形容詞),562
get wet to the skin,ずぶ濡れになる，びしょ濡れになる(熟語),563
vivid,鮮やかな(形容詞),564
least of all,とりわけ，最も～ない(副詞),565
brutal,残忍な，残酷な(形容詞),566
disguise,変装させる， 見せかける(動詞),567
consult,相談する，話し合う(動詞),568
frustration,欲求不満，落胆(名詞),569
cunning,ずる賢い(形容詞),570
make a fuss,大騒ぎする，騒ぎ立てる(熟語),571
let on,漏らす，白状する(熟語),572
prescription,処方，処方箋(名詞),573
particle,分子(名詞),574
hug,抱擁/を抱きしめる(名詞),575
absurd,ばかげた，道理に合わない(形容詞),576
run down,流れ落ちる，荒廃する(熟語),577
assemble,組み立てる(動詞),578
pick up the pieces,欠片を拾う，事態を修復する(熟語),579
refusal,拒否，拒絶(名詞),580
uncertainty,不確実性，不明確さ(名詞),581
conceal,隠す(動詞),582
expedition,遠征(名詞),583
unjust,不当な，不公平な(形容詞),584
tragic,悲劇的な，悲劇的(形容詞),585
edit,を編集する(動詞),586
declaration,宣言，発表(名詞),587
vow,誓い(名詞),588
tighten,締める，絞る(動詞),589
barge in,入り込む，押しかける(熟語),590
tolerate,に耐える，寛大に取り扱う(動詞),591
gloomy,憂鬱な，暗い(形容詞),592
out of place,場違いで，不適切で(熟語),593
suspend,つるす(動詞),594
imitation,模倣(名詞),595
acquisition,取得(名詞),596
warrior,戦士(名詞),597
verb,動詞(名詞),598
physically,肉体的に，身体的に(副詞),599
batch,ひとまとめ(名詞),600
honorable,尊敬できる(形容詞),601
anticipate,を期待する，予想する(動詞),602
seldom if ever,めったに，しない(熟語),603
volcano,火山，噴火口(名詞),604
sentiment,感情，心情(名詞),605
sleep over,外泊する，を見落とす(熟語),606
severely,厳しく，ひどく(副詞),607
flexible,柔軟な，しなやかな(形容詞),608
feast,ごちそう，祝祭(名詞),609
eagerly,熱心に(副詞),610
soar,舞い上がる(動詞),611
fertile,肥沃な，多産の(形容詞),612
rule out,除外する(熟語),613
overhead,間接の(形容詞),614
modify,を変更する，を修正する(動詞),615
bond,拘束，束縛(名詞),616
pile in,どっと中に入る，一気に入る(熟語),617
comprehension,理解(名詞),618
try out,を試す，十分に試してみる(熟語),619
irony,皮肉(名詞),620
surgeon,外科医，手術医(名詞),621
lick,をなめる，をなめてかかる(動詞),622
refuge,避難(名詞),623
bow out,お辞儀して退出する，身を引く(熟語),624
bulk,大きさ，かさ(名詞),625
peel,皮，表皮(名詞),626
cactus,サボテン(名詞),627
grieve,深く悲しむ，嘆く(動詞),628
snap out of,から素早く脱出する，抜け出す(熟語),629
forehead,おでこ，ひたい(名詞),630
productive,生産的な(形容詞),631
aisle,通路(名詞),632
sphere,球，球体(名詞),633
right off,すぐに，直ちに(副詞),634
insure,を保証する(動詞),635
dense,密な，密集した(形容詞),636
dip,少し浸す(動詞),637
distress,苦痛，苦悩(名詞),638
prominent,目立つ，突き出た(形容詞),639
statesman,政治家(名詞),640
bowl over,を打ち倒す，仰天させる(熟語),641
experimental,実験的な，実験の(形容詞),642
isolated,孤立した，隔離された(形容詞),643
cast away,投げ捨てる，処分する(熟語),644
likewise,同様に(副詞),645
bank on,を当てにする，頼る(熟語),646
sue,訴える(動詞),647
remedy,治療(名詞),648
electronics,電気(名詞),649
fluent,流暢な(形容詞),650
farewell,別れ(名詞),651
in token of,の証拠に，のしるしとして(熟語),652
fierce,激しい，凶暴な(形容詞),653
sprinkle,を振りかける(動詞),654
prevail,打ち勝つ(動詞),655
canine,イヌの，イヌ科の(形容詞),656
patron,常連客，保護者(名詞),657
fetch,を取ってくる(動詞),658
plead,懇願する，お願いする(動詞),659
consensus,同意，同調(名詞),660
suspicious,疑わしい，怪しい(形容詞),661
accurately,正確に，綿密に(副詞),662
be devoid of,を持っていない，に欠いている(熟語),663
resign,辞任する(動詞),664
stain,よごれ(名詞),665
buck for,得ようと努める，求める(熟語),666
oriental,東洋の(形容詞),667
be indebted to,に負債がある，恩義がある(熟語),668
dissolve,を溶かす(動詞),669
moderate,適度な，適切な，ほどよい(形容詞),670
microwave,電子レンジ(名詞),671
imperfect,不完全な，未完成の(形容詞),672
torch,たいまつ(名詞),673
run errands,使い走りをする，お使いをする(熟語),674
trim,を整える，手入れする(動詞),675
defect,欠陥，欠点(名詞),676
optimistic,楽観的な(形容詞),677
evaluation,評価，査定(名詞),678
attendant,付き添い，付随(名詞),679
rag,ぼろきれ，布切れ(名詞),680
rib,肋骨，あばら骨(名詞),681
condense,を凝縮する，濃縮する(動詞),682
in a nutshell,一言で言えば，極めて簡単に言えば(熟語),683
wit,機転(名詞),684
be bound up with,と密接な関係のある，深く関係した(熟語),685
unaware,気づいていない(形容詞),686
sacred,神聖な，神の(形容詞),687
faithfully,忠実に，誠実に(副詞),688
flourish,繁栄する，栄える(動詞),689
accomplishment,完成，成果(名詞),690
to say the least,控えめに言っても，遠からず(熟語),691
diligent,勤勉な(形容詞),692
clay,粘土(名詞),693
regulate,を規制する，統制する(動詞),694
misfortune,不幸，災厄(名詞),695
forbid,を禁じる，禁止する(動詞),696
inspiration,ひらめき，思い付き(名詞),697
gleam,きらめき，薄明かり(名詞),698
protective,保護的な，保護する(形容詞),699
onward,前進の，前進的な(形容詞),700
inquire after,の安否を尋ねる，を見舞う(熟語),701
immensely,莫大に，広大に(副詞),702
down the drain,排水路に流されて，失われて(熟語),703
promptly,早速，即座に(副詞),704
bump,こぶ，衝突(名詞),705
cover for,を覆う，代理となる(熟語),706
ward,区画，病室(名詞),707
freshman,新入生(名詞),708
refine,を精製する(動詞),709
dim,薄暗い，ほの暗い(形容詞),710
resume,再開する，続ける(動詞),711
eternal,永遠の，永遠不変の(形容詞),712
brush off,をすげなく断る，無視する，拒否する(熟語),713
be obsessed with,に取り付かれる，で頭がいっぱい(熟語),714
colonial,植民地の(形容詞),715
arithmetic,算数(名詞),716
esteem,を尊重する，尊敬する(動詞),717
currency,通貨，流通(名詞),718
ridiculous,ばかげている，不合理な(形容詞),719
calculation,計算，算定(名詞),720
terrific,すごい，ものすごい(形容詞),721
stitch,縫い目(名詞),722
pasture,牧草，牧草地(名詞),723
bargain for,について交渉する，話し合う(熟語),724
boil over,沸騰してこぼれる，憤慨する(熟語),725
thorn,とげ，茨(名詞),726
twilight,黄昏時(名詞),727
moan,うめき声(名詞),728
lame,不十分な(形容詞),729
legally,合法的に，法律上(副詞),730
have off,取り外す，休暇を取る(熟語),731
seemingly,一見すると，表面上(副詞),732
singular,特異な，非凡な(形容詞),733
condemn,を責める，非難する(動詞),734
catastrophe,大惨事(名詞),735
pick up the thread,再び続ける，再開する(熟語),736
colleague,同僚，仲間(名詞),737
passionate,情熱的な，熱情的な(形容詞),738
tide over,乗り切る，切り抜ける(熟語),739
diplomatic,外交の，外交上の(形容詞),740
widow,未亡人，夫を亡くした女性(名詞),741
swallow up,飲み込む，使い尽くす(熟語),742
deadline,締め切り，期限(名詞),743
pore over,を凝視する，熟読する(熟語),744
proclaim,を宣言する，公表する(動詞),745
enlarge,を拡大する，を広げる(動詞),746
iron out,解決する，しわを伸ばす(熟語),747
stern,厳格な(形容詞),748
ivory,象牙，象牙質の(名詞),749
outlet,出口(名詞),750
"day in, day out",明けても暮れても，毎日毎日(熟語),751
steer,を操縦する，かじを取る(動詞),752
hay,干し草(名詞),753
erect,直立の，まっすぐな(形容詞),754
stumble,につまずく(動詞),755
bug,虫，故障(名詞),756
grim,厳格な，険しい(形容詞),757
cathedral,大聖堂(名詞),758
robbery,強盗，強盗罪(名詞),759
slap,平手打ち(名詞),760
awkward,ぎこちない(形容詞),761
lark,戯れ(名詞),762
separation,分離，区分(名詞),763
makeup,化粧(名詞),764
dye,染料(名詞),765
swell,膨れる，大きくなる(動詞),766
mingle with,と混ざる，交じる(熟語),767
organic,無農薬の(形容詞),768
ideally,理想的には，申し分なく(副詞),769
for the good of,のために，の(利益の)ために(熟語),770
dread,ひどく怖がる，恐れる(動詞),771
oblige,義務づける，強制する(動詞),772
perish,滅びる，死ぬ(動詞),773
barn,物置，納屋(名詞),774
economist,経済学者(名詞),775
delightful,楽しい，うれしい(形容詞),776
exaggerate,を誇張する，大げさに言う(動詞),777
in the abstract,理論上は，理論的には(熟語),778
give way,道を譲る，くじける(熟語),779
continuous,継続的な，持続的な(形容詞),780
proven,証明された(形容詞),781
unity,団結，単一(名詞),782
destiny,運命，使命(名詞),783
recess,休憩，休み(名詞),784
shelf life,保存可能期間，賞味期限(名詞),785
abundance,豊富(名詞),786
tear off,引きちぎる，脱ぎ捨てる(熟語),787
witch,魔女，魔法使い(名詞),788
capitalize on,に資本を投下する，を利用する(熟語),789
glorious,栄光のある，名誉ある(形容詞),790
damp,湿った(形容詞),791
dispose of,廃棄する，処分する(動詞),792
commotion,騒動(名詞),793
thermometer,温度計，気温計(名詞),794
groan,うめき声，うなり声(名詞),795
consume,を消費する，消耗する(動詞),796
violate,違反する，破る(動詞),797
frequency,周波数，頻繁さ(名詞),798
agony,激しい苦痛，苦悶(名詞),799
trifle with,ぞんざいに扱う，適当に扱う(熟語),800
tempt,を誘惑する(動詞),801
uncommon,珍しい，滅多にない(形容詞),802
famine,食料不足(名詞),803
punctual,規則正しい，時間通りの(形容詞),804
deal with,に対処する，に対応する(熟語),805
abound in,であふれている，に富む(熟語),806
summon,召喚する(動詞),807
twinkle,きらきら光る(動詞),808
wrestle with,取っ組み合う，取り組む(熟語),809
howl,遠吠えする(動詞),810
word for word,一言一句，文字通りに(熟語),811
stubborn,頑固な(形容詞),812
detour,迂回する(動詞),813
life expectancy,余命，残りの寿命(名詞),814
flatter,にお世辞を言う(動詞),815
inhabit,に生息する，住む(動詞),816
frown,しかめっ面，顔をしかめる(動詞),817
psychology,心理学，精神科学(名詞),818
build up,増大する，築き上げる(熟語),819
prudent,用心深い，慎重な(形容詞),820
air out,が乾く，乾燥する(熟語),821
want for,に欠ける，必要とする(熟語),822
genuine,本物の，純粋な(形容詞),823
conductor,導体，指導者(名詞),824
not absolutely,絶対ではない，必ず，ではない(副詞),825
odds and ends,がらくた，半端なもの(名詞),826
publisher,出版社，出版会社(名詞),827
wind up,巻き上げる，終わりにする(熟語),828
monarch,君主，王(名詞),829
blaze,火炎，炎(名詞),830
heap,かたまり(名詞),831
exclaim,を叫ぶ，大声で言う(動詞),832
sob,すすり泣く，涙声で泣く(動詞),833
chaos,混沌(名詞),834
exploration,探査，探索(名詞),835
detrimental,有害な(形容詞),836
dialect,方言(名詞),837
prevention,防止，予防(名詞),838
in the mood for,したい気分である，する気になっている(熟語),839
undertake,引き受ける(動詞),840
root out,根絶する，一掃する(熟語),841
by dint of,によって，の力で(熟語),842
reluctant,しぶしぶの，気が進まない(形容詞),843
neutral,中立の，公平な(形容詞),844
no sweat,容易に，お安い御用で(熟語),845
influential,影響力のある，有力な(形容詞),846
cut down,を減らす，削減する(熟語),847
in disguise,変装した，～したふり(熟語),848
turn pale,青ざめる，血色が悪くなる(熟語),849
midday,真昼，正午(名詞),850
acquaint,に知らせる(動詞),851
in anticipation of,を予期して，見込んで(熟語),852
apparatus,器具，装置(名詞),853
cradle,ゆりかご(名詞),854
noun,名詞(名詞),855
foam,小さな泡，微細な泡(名詞),856
forgetful,忘れっぽい，忘れやすい(形容詞),857
disgrace,不名誉(名詞),858
scar,傷跡，痕跡(名詞),859
disappointed,がっかりした，当ての外れた(形容詞),860
track down,の跡を辿る，追い詰める(熟語),861
grocery,食料品(名詞),862
throne,王位，王座(名詞),863
pullover,路肩に寄せる(動詞),864
accommodation,宿泊施設(名詞),865
architect,建築家(名詞),866
stride,大きく歩く，元気よく歩く(動詞),867
mummy,ミイラ，乾燥死体(名詞),868
assignment,割り当て，配分(名詞),869
impatient,せっかちな，性急な(形容詞),870
inquire,を問い合わせる，尋ねる(動詞),871
murmur,つぶやく(動詞),872
acute,鋭角の(形容詞),873
undergraduate,大学生，学部生(名詞),874
rest on,に基づく，に頼る(熟語),875
invasion,侵入，侵略(名詞),876
plunge,突入する，侵入する(動詞),877
perfume,香水，芳香(名詞),878
halt,立ち止まる，停止(動詞),879
provider,生産者，製造者(名詞),880
mischief,いたずら(名詞),881
sneeze,くしゃみ/くしゃみをする(動詞),882
roar,とどろく，吠える(動詞),883
for instance,例えば，たとえ… としても(熟語),884
keep down,身を低くする，大きな声を出さずにいる(熟語),885
plainly,明白に，はっきりと(副詞),886
by default,既定では，初期段階から(熟語),887
shipping,輸送，発送(名詞),888
architecture,建築(名詞),889
inflict A on B,BにAを与える，負わせる(熟語),890
uncover,を明らかにする，ふたを取る(動詞),891
embassy,大使館(名詞),892
pessimistic,悲観的な(形容詞),893
assurance,保証，請け合い(名詞),894
evaluate,評価する，見積もる(動詞),895
pull through,を乗り越える，を超える(熟語),896
graceful,優雅な，上品な(形容詞),897
abolish,廃止する(動詞),898
in spite of,にも関わらず(熟語),899
carve,を彫る(動詞),900
miss out,機会を逃す，見落とす，見過ごす(熟語),901
portray,描く，表現する(動詞),902
catch a glimpse of,をちらっと見る，垣間見る(熟語),903
remarkably,著しく，非常に(副詞),904
exceed,を超える，超過する(動詞),905
revive,生き返る(動詞),906
deprive,から奪う，略奪する(動詞),907
far cry from,叫び声から遠い，からほど遠い(熟語),908
legend,伝説，言い伝え(名詞),909
complexity,複雑さ，錯綜さ(名詞),910
overtake,追い越す，追いつく(動詞),911
harmless,無害な(形容詞),912
consent,同意する，賛成する(動詞),913
ornament,装飾品，飾り(名詞),914
send in,に送る，提出する(熟語),915
idiot,馬鹿(名詞),916
plural,複数の(形容詞),917
provincial,地方の(形容詞),918
removal,除去，取り除く(名詞),919
diarrhea,下痢(名詞),920
work off,徐々に取れる，減らす(熟語),921
brim,へり，ふち(名詞),922
dwelling,住居(名詞),923
gravity,重力，引力(名詞),924
diverse,多様な，多種多様な(形容詞),925
pledge,誓約，固い約束(名詞),926
anticipation,期待，予想(名詞),927
simultaneously,同時に(副詞),928
soak,浸す(動詞),929
supplement,補足，追加(名詞),930
inevitably,必然的に(副詞),931
crouch,しゃがむ，かがむ(動詞),932
branch out,枝を出す，手を広げる(熟語),933
in abundance,大量に，豊富に(熟語),934
rip,を裂く，破る(動詞),935
supervision,監督，指導者(名詞),936
comical,おどけた，滑稽な(形容詞),937
counsel,弁護士，協議(名詞),938
cheat on,でズルをする，裏切る(熟語),939
metaphor,比喩，隠喩(名詞),940
compensation,補償，賠償(名詞),941
impolite,失礼な，無礼な(形容詞),942
pastry,パン菓子(名詞),943
remainder,残り，残りもの(名詞),944
biography,伝記(名詞),945
persistent,根気強い，粘り強い(形容詞),946
rubbish,ごみ，がらくた(名詞),947
shameful,恥ずべき(形容詞),948
edge out,徐々に押しのける，辛勝する(熟語),949
vanity,虚栄心，うぬぼれ(名詞),950
umpire,審判，審判員(名詞),951
intensity,強度，強烈さ(名詞),952
diplomat,外交官，外交官僚(名詞),953
exert oneself to,するために努力する，するために尽力する(熟語),954
naval,海軍の，海軍のもの(形容詞),955
sway,揺さぶる(動詞),956
microscope,顕微鏡，測微鏡(名詞),957
probe,探り針(名詞),958
geometry,幾何学(名詞),959
fuzzy,ぼやけた(形容詞),960
skyscraper,超高層建築物，摩天楼(名詞),961
deceit,詐欺，騙し(名詞),962
rebellion,反乱，暴動(名詞),963
isolation,隔離(名詞),964
lay down,を横たえる，倒す(熟語),965
nobility,尊さ，高貴さ(名詞),966
spit,唾を吐く(動詞),967
think out,考え抜く，熟考する(熟語),968
obstacle,障害，妨害(名詞),969
chairperson,議長(名詞),970
embarrassed,恥ずかしい(形容詞),971
plentiful,たっぷりの，たくさんの(形容詞),972
all thumbs,不器用な，ぶざまな(熟語),973
orchard,果樹園(名詞),974
fatigue,疲労(名詞),975
attendance,出席，参列(名詞),976
come around,遠回りする，立ち寄る(熟語),977
probability,確率(名詞),978
prediction,予測，予想(名詞),979
ownership,所有権(名詞),980
equation,方程式(名詞),981
accounting,会計，計算(名詞),982
shatter,を粉砕する(動詞),983
preliminary,予備的な，予備の(形容詞),984
endurance,忍耐，がまん(名詞),985
fleet,艦隊(名詞),986
stand over,を監督する，延期する(熟語),987
comet,彗星(名詞),988
cozy,居心地の良い，快適な(形容詞),989
speculation,憶測，推測(名詞),990
execute,を実行する，遂行する(動詞),991
have a flat tire,タイヤがパンクする，パンクしている(熟語),992
masterpiece,傑作，名作(名詞),993
nun,修道女(名詞),994
be keen to,やる気がある，乗り気になっている(熟語),995
discrimination,差別/差別的な(名詞),996
wash away,を洗い流す，を洗い落とす(熟語),997
bounce,跳ねる，はずむ(動詞),998
blueprint,青写真(名詞),999
bring about,を引き起こす，発生させる(熟語),1000
disturbing,邪魔な，迷惑な(形容詞),1001
attentive,注意深い(形容詞),1002
take root,根付く，定着する(熟語),1003
mock,をあざ笑う，ばかにする(動詞),1004
identify A as B,AがBだと分かる，認識する(熟語),1005
receptionist,受付係(名詞),1006
identification,身分証明書，身元確認(名詞),1007
prey,獲物(名詞),1008
shrine,神社，聖堂(名詞),1009
solitary,独りの，独りぼっちの(形容詞),1010
jack up,吊り上げる，ジャッキで上げる(熟語),1011
diminish,減らす(動詞),1012
cue,合図，きっかけ(名詞),1013
scramble,をかき混ぜる，素早く進む(動詞),1014
councilor,評議員(名詞),1015
federation,連合，連盟(名詞),1016
in short,要するに，つまり(熟語),1017
inexpensive,安価な，費用のかからない(形容詞),1018
astronomer,天文学者(名詞),1019
multitude,大勢，多く(名詞),1020
lumber,木材(名詞),1021
hostile,敵意のある，反感を持つ，敵対視する(形容詞),1022
bilingual,二ヶ国語話者(名詞),1023
insistence,主張，信条，主義(名詞),1024
administrative,運営の，管理の(形容詞),1025
staircase,階段(名詞),1026
inheritance,継承，相続(名詞),1027
accuracy,正確さ，精密(名詞),1028
mortal,死を伴う(形容詞),1029
liner,定期船(名詞),1030
abrupt,突然の，不意の(形容詞),1031
registration,登録(名詞),1032
exhaustion,枯渇，疲労(名詞),1033
call down,下に向って叫ぶ，叱りつける(熟語),1034
cluster,集団(名詞),1035
script,台本，脚本(名詞),1036
infectious,伝染性の，感染する(形容詞),1037
odor,臭い，悪臭(名詞),1038
ample,広大な，広い(形容詞),1039
ornamental,装飾用の(形容詞),1040
dullness,鈍さ，鈍感(名詞),1041
indication,指示，指し示すこと(名詞),1042
certificate,証書，証券(名詞),1043
remembrance,記憶，思い出(名詞),1044
jerk,急な動き(名詞),1045
orient,東洋(名詞),1046
offspring,子孫(名詞),1047
counterpart,相手(名詞),1048
documentary,事実を記録した(形容詞),1049
scrape,を削り取る(動詞),1050
dedicate,に専念する，奉納する(動詞),1051
astronaut,宇宙飛行士(名詞),1052
naughty,わんぱくな，いたずらな(形容詞),1053
pregnancy,妊娠(名詞),1054
comparable,比較できる，比べられる(形容詞),1055
haunt,にたびたび行く(動詞),1056
trash,ごみ，価値のないもの(名詞),1057
outskirt,郊外(名詞),1058
valid,有効な，根拠のある(形容詞),1059
behind the scenes,舞台裏で，陰で(熟語),1060
mellow,豊潤な，熟した(形容詞),1061
paw,動物の足(名詞),1062
genetic,遺伝的な，遺伝による(形容詞),1063
stimulus,刺激(名詞),1064
spectacular,壮観な，見事な(形容詞),1065
villa,別荘(名詞),1066
chilly,肌寒い(形容詞),1067
crook,湾曲させる(動詞),1068
costly,高価な，費用のかかる(形容詞),1069
coarse,粗末な，下等な(形容詞),1070
buy up,全部買う，買収する(熟語),1071
accusation,非難，告発(名詞),1072
transaction,取引(名詞),1073
stupidity,愚かさ，愚鈍(名詞),1074
leak,漏れる(動詞),1075
tuck,を押し込む，つめ込む(動詞),1076
without so much as,さえしないで，すらしない(熟語),1077
rack,置き棚(名詞),1078
avail oneself of,を利用する，を活用する(熟語),1079
hesitation,ためらい，躊躇(名詞),1080
utility,効用(名詞),1081
furthermore,さらに，その上(副詞),1082
exclusive,閉鎖的な(形容詞),1083
signify,意味する，示す(動詞),1084
stick up,上に突き出る，両手を挙げさせる(熟語),1085
exclusively,排他的に，限定して(副詞),1086
diversity,多様性，多様化(名詞),1087
vocal,音声の，声の(形容詞),1088
exceptional,例外の，まれな(形容詞),1089
in all likelihood,おそらく，ほぼ確実に(熟語),1090
irresponsible,責任を負えない，無責任な(形容詞),1091
distinctive,特有の，独特の(形容詞),1092
faraway,遠くの(形容詞),1093
puff,軽く吹くこと，一吹き(名詞),1094
sincerity,誠意，誠実(名詞),1095
beyond question,疑いもなく，確かに(熟語),1096
vicious,悪意のある，意地悪な(形容詞),1097
starvation,飢餓，餓死(名詞),1098
slip of the tongue,失言，口を滑らせる(熟語),1099
stack,積み重ねる，累積する(動詞),1100
rely on,に頼る，を当てにする(熟語),1101
alongside,と一緒に，並行して(副詞),1102
spring from,から生じる，から生まれる(熟語),1103
monopoly,独占，専売(名詞),1104
reckless,無謀な，向こう見ずな(形容詞),1105
strip A of B,AからBを取り去る，奪う(熟語),1106
retail,小売り(名詞),1107
utilize,利用する(動詞),1108
take the plunge,思い切ってやる，やってみる(熟語),1109
withdrawal,撤回，撤退(名詞),1110
disclose,を開示する，見せる(動詞),1111
put emphasis on,に重点を置く，を重んじる(熟語),1112
puppet,操り人形，指人形(名詞),1113
hold off,を寄せ付けない，引き離す(熟語),1114
provoke,挑発する(動詞),1115
stony,石の，石の多い(形容詞),1116
ethics,倫理(名詞),1117
gun for,を追い求める，必死になる(熟語),1118
stoop,かがむ(動詞),1119
regain,を取り戻す，回復する(動詞),1120
alley,路地(名詞),1121
ethnic,民族の，民族特有の(形容詞),1122
shiver,震える，おののく(動詞),1123
inadequate,不十分な，不適切な(形容詞),1124
fulfillment,遂行(名詞),1125
garment,衣服(名詞),1126
exploit,偉業，業績(名詞),1127
deliberately,故意に，慎重に(副詞),1128
feminist,男女同権主義者，フェミニスト(名詞),1129
stump,切り株(名詞),1130
hail from,の出身である，(船が)から来る(熟語),1131
unfold,を展開する，広げる(動詞),1132
dialogue,対話(名詞),1133
vacant,空っぽの，無人の(形容詞),1134
commodity,商品(名詞),1135
residential,居住の，住居の(形容詞),1136
pin down,を留める，押さえつける(熟語),1137
accountant,会計士，会計係(名詞),1138
compel,無理にさせる(動詞),1139
architectural,建築の(形容詞),1140
inspection,検査，点検(名詞),1141
patent,特許(名詞),1142
guarantee,を保証する/保証(動詞),1143
bear down,圧迫する，制圧する(熟語),1144
fluid,液体，流動体(名詞),1145
decent,まともな(形容詞),1146
identical,同一の(形容詞),1147
revise,改訂する(動詞),1148
proficient,熟練した，堪能な(形容詞),1149
rally,を結集する，呼び集める(動詞),1150
fit into,に溶け込む，調和する(熟語),1151
illegal,違法な，不法な(形容詞),1152
accessible,行きやすい，便利な(形容詞),1153
as a last resort,最後の手段として，切羽詰まって(熟語),1154
penetrate,貫く(動詞),1155
head over heels,真っ逆さまに，逆さまに(熟語),1156
accommodate,収容する(動詞),1157
peck,をついばむ，つつく(動詞),1158
spacecraft,宇宙船(名詞),1159
be weary of,にうんざりしている(熟語),1160
considerably,かなり，相当に(副詞),1161
stray,迷い込む(動詞),1162
resemblance,類似(名詞),1163
institutional,制度の，制度上の(形容詞),1164
plague,伝染病(名詞),1165
glimpse,ひと目見ること(名詞),1166
fuss,空騒ぎ(名詞),1167
inception,始まり，発端(名詞),1168
be doomed to,運命づけられる，の運命にある(熟語),1169
insert,を差し込む，挿入する(動詞),1170
pretense,見せかけ(名詞),1171
sheer,本当の，透けるほど薄い(形容詞),1172
to begin with,最初に，最初から(熟語),1173
coordinate,座標の，同等の/整合する(動詞),1174
checkup,健康診断，照合(名詞),1175
applaud,拍手する(動詞),1176
ethical,倫理的な(形容詞),1177
shady,陰になった，日陰になった(形容詞),1178
preservation,保存，保護(名詞),1179
rust,錆び，酸化(名詞),1180
flexibility,しなやかさ，弾力性，柔軟性(名詞),1181
be destitute of,に困窮する，を持っていない(熟語),1182
virgin,処女(名詞),1183
clause,条項，節(名詞),1184
transmit,送信する(動詞),1185
reproach A for B,BのことでAを非難する，咎める(熟語),1186
denial,拒否，否認(名詞),1187
nobleman,貴族(名詞),1188
stale,古くさい，新鮮でない(形容詞),1189
talk back to,に口答えする，言い返す(熟語),1190
depressed,落ち込んだ，憂鬱な(形容詞),1191
quest,探求，探究(名詞),1192
overthrow,を打倒する，転覆する(動詞),1193
excursion,遠足(名詞),1194
fragment,断片(名詞),1195
watchdog,番犬(名詞),1196
bald,禿げた(形容詞),1197
mutter,つぶやく(動詞),1198
back off,後退する，後ろに下がる(熟語),1199
ridge,尾根(名詞),1200
adjective,形容詞，形容する言葉(名詞),1201
classify,に分類する，類別する(動詞),1202
labyrinth,迷宮，迷路(名詞),1203
cooperate,協力する，共同する(動詞),1204
sober,酒を飲んでいない(形容詞),1205
frustrate,挫折させる(動詞),1206
envious,羨ましい，妬ましい(形容詞),1207
step down,降りる，身を引く(熟語),1208
cooperative,協力的な(形容詞),1209
donation,寄贈，寄付(名詞),1210
overwhelm,圧倒する(動詞),1211
structural,構造上の，構成上の(形容詞),1212
librarian,図書館員(名詞),1213
rigid,堅い(形容詞),1214
authorize,許可する(動詞),1215
marvel,驚異，驚き(名詞),1216
fling,を投げ飛ばす(動詞),1217
transmission,伝送(名詞),1218
peep,のぞき見る(動詞),1219
endeavor,努力する(動詞),1220
hang around,うろつく，徘徊する(熟語),1221
physicist,物理学者(名詞),1222
immature,未熟な，未成熟の(形容詞),1223
outbreak,突発，ぼっ発(名詞),1224
manuscript,原稿(名詞),1225
stagger,よろめく，よろよろ歩く(動詞),1226
slam,強く閉める(動詞),1227
banish,を流刑にする，追放する(動詞),1228
swamp,沼地，湿地(名詞),1229
conform to,に順応する，慣れる，適応する(熟語),1230
capability,容量，能力(名詞),1231
molecule,分子(名詞),1232
what if,もし～ならば(熟語),1233
participation,参加，加入(名詞),1234
faculty,学部(名詞),1235
head off,を回避する，阻止する(熟語),1236
courtesy,礼儀，丁重さ(名詞),1237
midst,真ん中，中央(名詞),1238
resent,憤る，怒る(動詞),1239
undo,元通りにする(動詞),1240
lad,若者，少年(名詞),1241
loosen,を緩める(動詞),1242
riddle,なぞ(名詞),1243
corruption,不正行為，腐敗(名詞),1244
extract,抜き取る(動詞),1245
speaking of which,と言えば，に関して(熟語),1246
unconscious,無意識の，潜在意識の(形容詞),1247
rebuild,を再建する，改築する(動詞),1248
by contract,契約で，契約上の(熟語),1249
curse,を呪う，悪口を言う(動詞),1250
prominence,卓越、傑出(名詞),1251
fable,作り話(名詞),1252
toxic to,に有毒な，～に対して毒性を持つ(熟語),1253
bribe,賄賂(名詞),1254
untidy,だらしない，乱雑な(形容詞),1255
go against,に反して，に逆らって，反対に(熟語),1256
transparent,透明な，光を通す(形容詞),1257
roll up,を巻き上げる，巻く(熟語),1258
almighty,全能の(形容詞),1259
come down to,結局～になる，に帰する(熟語),1260
successor,後継，次代(名詞),1261
look to,を頼りにする，信頼する(熟語),1262
hence,したがって，結果として(副詞),1263
dizzy,めまいがする，ふらふらする(形容詞),1264
stool,腰かけ椅子(名詞),1265
mislead,迷わせる(動詞),1266
adverb,副詞(名詞),1267
as it stands,現状では，現在のところ(熟語),1268
corrupt,腐敗した(形容詞),1269
cross out,線を引いて消す，を抹消する(熟語),1270
transformation,変形，変身(名詞),1271
immortal,不滅の，不死の(形容詞),1272
gem,宝石(名詞),1273
mine,鉱山，地雷(名詞),1274
pension,年金(名詞),1275
comprehend,理解する(動詞),1276
wrinkle,しわ(名詞),1277
timid,臆病な(形容詞),1278
examiner,審査官，試験官(名詞),1279
buzz,ざわめく(動詞),1280
infinite,無限の，限りない(形容詞),1281
eternally,永遠に(副詞),1282
live up to,に従って動く，期待に応える(熟語),1283
beak,くちばし(名詞),1284
muddy,泥の，泥まみれの(形容詞),1285
idiom,熟語(名詞),1286
interruption,妨害，中断(名詞),1287
syllable,音節(名詞),1288
revolve,を回る，回転する(動詞),1289
premise,前提，根拠(名詞),1290
controversy,論争，議論(名詞),1291
delicately,繊細に，微妙に(副詞),1292
accumulate,蓄積する(動詞),1293
intellect,知性，知力(名詞),1294
speak for,を代弁する，の代理で話す，言い表す(熟語),1295
conception,概念，考え(名詞),1296
rainfall,降雨量，雨量(名詞),1297
framework,骨格(名詞),1298
threaten with extinction,絶滅の危機に瀕する(熟語),1299
realm,領域(名詞),1300
convict,有罪とする(動詞),1301
trivial,取るに足らない(形容詞),1302
solemnly,粛々と，厳粛に(副詞),1303
oval,楕円形の，卵形の(形容詞),1304
orthodox,正統派の(形容詞),1305
vowel,母音(名詞),1306
mold,鋳型，型造り/型どる(動詞),1307
exaggeration,誇張(名詞),1308
sink in,浸透する，理解される(熟語),1309
render,与える(動詞),1310
nomination,指名，任命(名詞),1311
warrant,証明書，保証書(名詞),1312
maiden,未婚の(名詞),1313
continental,大陸の(形容詞),1314
murderer,殺人者(名詞),1315
on the run,逃げて，奔走して(熟語),1316
penniless,無一文の(形容詞),1317
grammatical,文法の(形容詞),1318
reassure,安心させる(動詞),1319
paradox,逆説(名詞),1320
hymn,賛美歌(名詞),1321
dimension,寸法(名詞),1322
put A to sleep,Aを眠らせる，安楽死させる(熟語),1323
utmost,最大限の，最高の(形容詞),1324
ascent,上昇(名詞),1325
canyon,峡谷(名詞),1326
bring on,を引き起こす，を発生させる(熟語),1327
lift off,離陸する，飛び立つ(熟語),1328
defy,を無視する，に挑む(動詞),1329
prick,をちくりと刺す(動詞),1330
brilliance,明るさ，光沢(名詞),1331
sympathize,同情する，共感する(動詞),1332
due to,が原因で，によって(熟語),1333
precaution,用心，予防策(名詞),1334
treasury,宝庫，基金(名詞),1335
betrayal,裏切り，密告(名詞),1336
roam,歩き回る(動詞),1337
fortnight,二週間(名詞),1338
stillness,静寂，静けさ(名詞),1339
side job,副業，アルバイト(名詞),1340
savage,獰猛な(形容詞),1341
torture,を拷問にかける(動詞),1342
lose out to,に負ける，で死ぬ(熟語),1343
count on,に頼る，を当てにする(熟語),1344
narrative,物語，話(名詞),1345
in fact,"実際には, 実際(熟語)",1346
scorn,軽蔑，さげずみ(名詞),1347
orphan,孤児(名詞),1348
smooth over,丸く収める，穏便に済ます(熟語),1349
stability,安定，平穏，均衡(名詞),1350
bacteria,細菌(名詞),1351
parliamentary,議会の(形容詞),1352
qualification,資格，能力(名詞),1353
ape,類人猿，大猿(名詞),1354
tenderness,優しさ(名詞),1355
moderately,適度に，適切に(副詞),1356
jolly,陽気な，愉快な(形容詞),1357
persist,固執する(動詞),1358
foster,を養育する，の世話をする(動詞),1359
herb,薬草(名詞),1360
nausea,吐き気，嘔吐感(名詞),1361
stir up,をかき混ぜる，刺激する(熟語),1362
fossil,化石，遺跡(名詞),1363
make out,理解する，うまくやる(熟語),1364
earnestly,真剣に(副詞),1365
violation,違反，侵害(名詞),1366
initiate,始める，開始する(動詞),1367
cartoon,漫画(名詞),1368
feeble,弱った，虚弱な(形容詞),1369
compulsory,強制的な(形容詞),1370
nuisance,迷惑なもの(名詞),1371
disturbance,騒動(名詞),1372
reside,住む，居住する(動詞),1373
water vapor,水蒸気，蒸気(名詞),1374
vigorous,精力的な，元気な(形容詞),1375
contentment,満足(名詞),1376
aim to,するつもりである，意図する(熟語),1377
digestion,消化(名詞),1378
irritating,腹立たしい(形容詞),1379
hospitality,おもてなし，歓待(名詞),1380
owing,借りている，未払いの(形容詞),1381
astronomy,天文学(名詞),1382
shut out,を締め出す，閉め出す(熟語),1383
electron,電子(名詞),1384
sit by,傍観する，見守る(熟語),1385
tremble,震える，おののく(動詞),1386
lest,しないように(接続詞),1387
trade in,を下取りに出す，下取りする(熟語),1388
stick with,に固執する，堅持する(熟語),1389
imprison,刑務所に入れる(動詞),1390
cemetery,お墓，墓地(名詞),1391
blot,しみ，汚れ(名詞),1392
nutrition,栄養，栄養素(名詞),1393
graze,軽く食べる(動詞),1394
gasp,あえぎ(動詞),1395
revolt,反乱/反抗する(動詞),1396
slavery,奴隷制度(名詞),1397
strife,闘争，争い(名詞),1398
show off,見せびらかす(熟語),1399
fraction,分数(名詞),1400
peril,危険，危機(名詞),1401
reap,を収穫する，刈る(動詞),1402
intermediate,中間の(形容詞),1403
divine,神の(形容詞),1404
secondhand,中古の(形容詞),1405
bleach,を漂白する(動詞),1406
public official,公務員(名詞),1407
administrator,管理者，行政官(名詞),1408
mingle,を混ぜる，一緒にする(動詞),1409
seaweed,海藻，海草(名詞),1410
admirable,見事な，立派な(形容詞),1411
folly,愚かさ，愚劣(名詞),1412
purity,純粋(名詞),1413
habitual,習慣的な，常習的な(形容詞),1414
lasting,永続的な，長持ちする(形容詞),1415
broom,ほうき(名詞),1416
dreadful,恐ろしい(形容詞),1417
manly,男らしい(形容詞),1418
salute,に敬礼する(動詞),1419
a range of,様々な，色々な(熟語),1420
lodging,宿泊(名詞),1421
reign,統治，治世(名詞),1422
vitality,生命力，活気(名詞),1423
inclination,傾斜(名詞),1424
obscure,不明瞭な(形容詞),1425
insistent,しつこい(形容詞),1426
inflict,を与える，加える(動詞),1427
objection,異議，反対(名詞),1428
gratitude,感謝，謝意(名詞),1429
cordial,心のこもった，本心からの(形容詞),1430
persuasion,説得，口説き(名詞),1431
expressive,表現力豊かな，表現に富む(形容詞),1432
sanitary,衛生的な，公衆の(形容詞),1433
branch off,分岐する，枝を広げる(熟語),1434
trifle,ささいなこと(名詞),1435
intact,そのままの，手をつけない(形容詞),1436
diploma,卒業証書，学位証書(名詞),1437
dogmatic,独断的な，教義上の(形容詞),1438
bellybutton,へそ，へその緒がついていた傷痕(名詞),1439
patriot,愛国者，愛国主義者(名詞),1440
fit in,うまく馴染む，溶け込む(熟語),1441
comrade,同志，仲間(名詞),1442
resistant,抵抗する，反抗する(形容詞),1443
witty,気の利いた(形容詞),1444
doctrine,教義，信条(名詞),1445
threshold,敷居，入り口(名詞),1446
pulse,脈動，脈拍(名詞),1447
testify,証言する(動詞),1448
utterance,発言，発声(名詞),1449
improper,不適切な，誤った(形容詞),1450
pastor,牧師(名詞),1451
dual citizenship,二重国籍，二重国籍者(名詞),1452
seasoning,調味料，薬味(名詞),1453
lieutenant,副官(名詞),1454
blunt,鈍い(形容詞),1455
weird,変な，気味の悪い(形容詞),1456
crude,原油の，天然の(形容詞),1457
halve,2等分する，半分に分ける(動詞),1458
diligence,勤勉(名詞),1459
concession,譲歩，容認(名詞),1460
subsidy,補助金(名詞),1461
subsidiary,子会社(名詞),1462
botanical,植物の(形容詞),1463
domain,領地(名詞),1464
confidential,機密の，内々の(形容詞),1465
blast off,発射される(熟語),1466
clutch,をしっかり握る(動詞),1467
thrive,繁栄する，隆盛する(動詞),1468
embark,積み込む，乗船する(動詞),1469
queer,風変わりな，変な(形容詞),1470
oppress,を抑圧する，虐げる(動詞),1471
aide,助力者(名詞),1472
conspiracy,陰謀(名詞),1473
disarmament,軍縮(名詞),1474
functional,機能的な，機能上の(形容詞),1475
civic,市民の(形容詞),1476
subtract,差し引く(動詞),1477
fall away,弱まる，落ちる(熟語),1478
harmonious,調和のとれた(形容詞),1479
displace,ずらす，にとって代わる(動詞),1480
vertical,垂直の，縦の(形容詞),1481
administer,を管理する，治める(動詞),1482
fury,激怒(名詞),1483
prestige,名声，評判(名詞),1484
at fault,落ち度がある，咎められるべき(熟語),1485
comprise,含む，構成する(動詞),1486
look into,を調べる/調査(熟語),1487
kin,親族，親類(名詞),1488
magnitude,大きさ，規模(名詞),1489
perpetual,永久の(形容詞),1490
limp,のろのろ進む(動詞),1491
exclamation,感嘆，叫び(名詞),1492
superstition,迷信(名詞),1493
eccentric,風変わりな，普通でない(形容詞),1494
twig,小枝(名詞),1495
concise,簡潔な(形容詞),1496
subscription,購読，定期購読(名詞),1497
abusive,虐待的な，乱用の(形容詞),1498
low frequency,低周波，低頻度(名詞),1499
flattery,お世辞，おべっか(名詞),1500
steadfast,固定した，確固とした(形容詞),1501
elastic,弾力のある，伸縮自在の(形容詞),1502
situate,を置く，位置させる(動詞),1503
drop off,落ちる，落とす(熟語),1504
tolerance,寛容さ，忍耐力(名詞),1505
transmit A to B,AをBに伝染させる，移す(熟語),1506
recite,を朗読する，を暗唱する(動詞),1507
freight,運賃，貨物運送(名詞),1508
out of the question,話にならない，不可能な(熟語),1509
slay,を殺害する，計画的に殺す(動詞),1510
look down on,を見下す，軽視する(熟語),1511
enrich,豊かにする(動詞),1512
snore,いびきをかく，睡眠中にうるさく呼吸する(動詞),1513
den,ねぐら，巣穴(名詞),1514
tram,市街電車，路面電車(名詞),1515
let up,やめる，弱まる，止む(熟語),1516
profess,を公言する，明言する(動詞),1517
thaw,雪が解ける，雪解けの陽気になる(動詞),1518
coastal,湾岸の，海岸の(形容詞),1519
grow into,に発展する，進展する(熟語),1520
notable,注目すべき，重要な(形容詞),1521
categorize A as B,AをBの範疇に分ける，AをBとして分類する(熟語),1522
seam,縫い目，継ぎ目(名詞),1523
come before,の前に現れる，先立って現れる(熟語),1524
implore,を懇願する(動詞),1525
pathetic,哀れな(形容詞),1526
contend,争う，戦う(動詞),1527
exile,亡命，国外追放(名詞),1528
density,密度，濃度(名詞),1529
inherent,本来の，固有の(形容詞),1530
drive off,を追い払う，排除する(熟語),1531
perplex,を困らせる，混乱させる(動詞),1532
sly,ずるい，陰険な(形容詞),1533
census,国勢調査，人口調査(名詞),1534
stapler,ホッチキス(名詞),1535
pave,を舗装する(動詞),1536
edible,食べられる，摂取可能な(形容詞),1537
shabby,みすぼらしい(形容詞),1538
revelation,啓示(名詞),1539
thereafter,その後は(副詞),1540
punctuality,時間厳守(名詞),1541
editorial,編集の/社説(名詞),1542
up for,に参加しようとしている，参画しようとしている(熟語),1543
merchandise,商品(名詞),1544
pharmacist,薬剤師(名詞),1545
yarn,編み糸(名詞),1546
elevate,上げる，昇進させる(動詞),1547
gargle,うがいする(動詞),1548
exquisite,絶妙な，見事な(形容詞),1549
experiment with,を試す，実験する(熟語),1550
rebellious,反抗的な，抵抗的な(形容詞),1551
detergent,洗剤(名詞),1552
dividend,配当，配当金(名詞),1553
preface,まえがき，序文(名詞),1554
reinforce,強化する(動詞),1555
conceptual,概念的な，概念の(形容詞),1556
tumble,転落する，倒れる(動詞),1557
no better than,と変わらない，同じぐらい悪い(熟語),1558
contemplate,を熟考する，よく考える(動詞),1559
devour,をむさぼり食う，がつがつ食う(動詞),1560
traitor,裏切り者，反逆者(名詞),1561
equator,赤道，赤道線，赤道面(名詞),1562
set in,始まる，起こる(熟語),1563
fiscal,財政上の，国庫の(形容詞),1564
tan,肌を焼く，日焼けする(動詞),1565
supervise,監督する，管理する(動詞),1566
statistical,統計的な(形容詞),1567
adore,崇拝する，敬愛する(動詞),1568
point out,を指摘する，指示する(熟語),1569
vein,静脈(名詞),1570
directive,指示的な(形容詞),1571
envelop,包む，包装する(動詞),1572
diameter,直径(名詞),1573
altar,祭壇(名詞),1574
flap,羽ばたく(動詞),1575
skim,すくい取る(動詞),1576
profound,深い，深遠な(形容詞),1577
altitude,高度(名詞),1578
cripple,身体障がい者(名詞),1579
vocation,天職，職業(名詞),1580
omission,省略(名詞),1581
sergeant,軍曹(名詞),1582
dose,服用量(名詞),1583
brochure,小冊子(名詞),1584
refrain,控える，慎む(動詞),1585
weigh on,の重荷になる，負担になる，の負荷となる(熟語),1586
bias,偏見，先入観(名詞),1587
satire,風刺，皮肉(名詞),1588
simultaneous,同時の，同時に起こる(形容詞),1589
conversion,転換，変換(名詞),1590
kick off,始める，追い払う(熟語),1591
steward,給仕，執事(名詞),1592
crumb,パンくず(名詞),1593
chip in,寄付する，金を出す(熟語),1594
expertise,専門知識(名詞),1595
allow for,を考慮に入れる，余裕を持つ(熟語),1596
glare,まぶしい光(名詞),1597
adoption,採用，受け入れ(名詞),1598
disposal,廃棄(名詞),1599
surpass,超える，勝る(動詞),1600
repent,を悔い改める，後悔する(動詞),1601
giggle,くすくす笑う(動詞),1602
confirmation,確証，確認(名詞),1603
humid,湿っぽい、湿度の高い(形容詞),1604
saloon,大広間(名詞),1605
dictate,を書きとらせる(動詞),1606
wrap up,纏める，結束する(熟語),1607
fright,恐怖，驚き(名詞),1608
execution,実行，遂行(名詞),1609
fall off,減少する(熟語),1610
textile,織物の(形容詞),1611
geographical,地理的な(形容詞),1612
furious,怒り狂った(形容詞),1613
dusk,夕暮れ，たそがれ(名詞),1614
monarchy,君主制(名詞),1615
greed,貪欲，強欲(名詞),1616
melancholy,憂うつ，哀愁(名詞),1617
tribute,貢ぎ物，感謝(名詞),1618
tidal,潮の，潮に乗った(形容詞),1619
shrub,低木，かん木(名詞),1620
file a suit,提訴する，訴訟を提出する(熟語),1621
texture,生地(名詞),1622
just around the corner,目前に来ている，間近である(熟語),1623
tedious,退屈な(形容詞),1624
drastic,抜本的な，思い切った(形容詞),1625
on standby,待機して，キャンセル待ちをして(熟語),1626
take pride in,を誇りにする，自慢する(熟語),1627
bureaucracy,官僚，官僚制度(名詞),1628
swarm,群れ(名詞),1629
feverish,熱っぽい(形容詞),1630
prophet,預言者(名詞),1631
spur,刺激(名詞),1632
petition,嘆願，請願(名詞),1633
contradict,を否定する，矛盾する(動詞),1634
stick to,にくっつく，接着する(熟語),1635
pottery,陶器(名詞),1636
pitiful,哀れな，かわいそうな(形容詞),1637
delegate,委任する(動詞),1638
thigh,ふともも(名詞),1639
make it,やり遂げる，たどり着く(熟語),1640
confide,を打ち明ける，信用する(動詞),1641
easygoing,楽観的な(形容詞),1642
walk off with,から歩いて出る，立ち去る(熟語),1643
differentiate,を区別する(動詞),1644
eyelid,まぶた(名詞),1645
furnace,かまど，暖炉(名詞),1646
get into,に入り込む，合格する(熟語),1647
disastrous,悲惨な，惨事の(形容詞),1648
unanimous,満場一致の，同意見の(形容詞),1649
deficiency,不足，欠乏(名詞),1650
distract,気を散らす，気をそらす(動詞),1651
discomfort,不快感，違和感(名詞),1652
zeal,熱心，熱意(名詞),1653
stab,刺す，突き刺す(動詞),1654
grant A to B,BにAを供与する，BにAを提供する(熟語),1655
arouse,を起こす，喚起する(動詞),1656
on the rise,上昇中で，増加中(熟語),1657
arrogant,傲慢な，横柄な(形容詞),1658
quaint,趣のある(形容詞),1659
pluck,を引き抜く，摘む(動詞),1660
sublime,高尚な，気品のある(形容詞),1661
adorn,を飾る(動詞),1662
trustee,受託者，保管人(名詞),1663
bring A in,Aを持ち込む，持参する(熟語),1664
in danger of,の危険にさらされている，危険に直面している(熟語),1665
indicator,指示者(名詞),1666
merciful,慈悲深い(形容詞),1667
outfit,衣装(名詞),1668
forum,公開討論会(名詞),1669
projection,投影(名詞),1670
desolate,荒れ果てた(形容詞),1671
bimonthly,隔月の(形容詞),1672
along with,に沿って(熟語),1673
wither,枯れる，しおれる(動詞),1674
enchant,心を奪う(動詞),1675
anonymous,匿名の，不明の(形容詞),1676
dismissal,解散，解任(名詞),1677
liability,責任，責務，義務(名詞),1678
eloquent,雄弁な，口達者な(形容詞),1679
meditate,瞑想する，熟考する(動詞),1680
vapor,蒸気，水蒸気(名詞),1681
fingerprint,指紋(名詞),1682
prove,を証明する(動詞),1683
reconcile,仲直りさせる(動詞),1684
submarine,潜水艦，水中艇(名詞),1685
crust,外皮(名詞),1686
dazzle,まぶしくする，目をくらませる(動詞),1687
regardless of,にも関わらず，それにも関わらず(熟語),1688
supernatural,超自然的な(形容詞),1689
expend,費やす，消費する(動詞),1690
pronoun,代名詞(名詞),1691
respectively,それぞれ，別々に(副詞),1692
presume,を推定する，仮定する(動詞),1693
lament,を嘆く，嘆き悲しむ(動詞),1694
bestow,を授ける，与える(動詞),1695
wreck,難破，衝突(名詞),1696
to the point,適切な，要領を得た(熟語),1697
disciple,弟子(名詞),1698
ballot,投票用紙，選挙票(名詞),1699
timber,木材(名詞),1700
haul,を運搬する，引っ張る(動詞),1701
frightful,恐ろしい(形容詞),1702
disgusted,むかついた(形容詞),1703
excel,勝る，優れる，上回る(動詞),1704
ranch,牧場(名詞),1705
appetizer,前菜(名詞),1706
back up,を後援する，後退させる(熟語),1707
eminent,著名な，身分の高い(形容詞),1708
compensate,補償する，償う(動詞),1709
exert,行使する(動詞),1710
mortality,死亡者数，死亡率(名詞),1711
discouragement,落胆，失意(名詞),1712
folklore,民話(名詞),1713
riot,暴動，騒動(名詞),1714
glacier,氷河，ゆっくりと動く氷塊(名詞),1715
bliss,至福，極楽(名詞),1716
concede,認める，譲歩する(動詞),1717
outgoing,社交的な，外交的な(形容詞),1718
wreath,花輪，花冠(名詞),1719
strand,行き詰らせる，座礁させる(動詞),1720
latitude,緯度，緯線(名詞),1721
role model,お手本，模範(熟語),1722
hold over,を持ち越す，延期する(熟語),1723
pile up,を積み上げる，積み重ねる，山積みにする，集積する(熟語),1724
insane,正気でない，狂気の(形容詞),1725
outrage,乱暴，暴行(名詞),1726
souvenir,お土産(名詞),1727
scratch out,線を引いて消す，を抹消する(熟語),1728
incentive,動機(名詞),1729
be aimed at,を狙っている，が意図されている(熟語),1730
imprisonment,投獄，監禁(名詞),1731
give in,降伏する，投降する(熟語),1732
predecessor,前任者，先任者(名詞),1733
oath,誓い，誓約(名詞),1734
in advance,前もって，事前に(熟語),1735
applicable,該当する(形容詞),1736
discard,を捨てる，廃棄する(動詞),1737
rustle,ざわめく(動詞),1738
pay off,全部払う，完済する(熟語),1739
stiffen,を堅くする，硬化する(動詞),1740
dictation,書き取り(名詞),1741
theoretical,理論上の，理論に基づいた(形容詞),1742
abbreviation,省略，略語(名詞),1743
menace,脅威(名詞),1744
bait,えさ(名詞),1745
complement,補足物(名詞),1746
with all,にも関わらず，全力でも(熟語),1747
constitutional,構成上の(形容詞),1748
algebra,代数(名詞),1749
citizenship,市民権，公民権(名詞),1750
confer,授与する(動詞),1751
splendor,輝き(名詞),1752
subsequent,その後の(形容詞),1753
temperate,控えめな，節度のある(形容詞),1754
slip by,そっと通り過ぎる，静かに通過する(熟語),1755
apprentice,見習い(名詞),1756
get away with,を持ち逃げする，盗み出す(熟語),1757
stay off,から離れる，距離を取る(熟語),1758
lapse,間違い(名詞),1759
formidable,恐ろしい，手ごわい(形容詞),1760
deem,考える(動詞),1761
roundabout,迂回の，遠回りの(形容詞),1762
partake,参加する(動詞),1763
all the time,いつも，いつでも(熟語),1764
avail,利用する(動詞),1765
slumber,まどろむ，心地よく眠る(動詞),1766
withstand,耐える(動詞),1767
legitimate,正当な(形容詞),1768
drop back,後退する，後ろに下がる(熟語),1769
toll,料金(名詞),1770
distort,歪める(動詞),1771
tyranny,専制政治，圧政(名詞),1772
marshal,元帥(名詞),1773
eyelash,まつげ(名詞),1774
messy,乱雑な(形容詞),1775
sip,一口飲む(動詞),1776
bosom,乳房，胸(名詞),1777
preside,主宰する，司会する(動詞),1778
eyesight,視界，視野，視力(名詞),1779
rug,じゅうたん，敷き物(名詞),1780
beware,用心する，気を付ける(動詞),1781
reckon,を数える，計算する(動詞),1782
suppression,抑制，鎮圧(名詞),1783
come to a head,山場を迎える，クライマックスを迎える(熟語),1784
pedestrian,歩行者(名詞),1785
stout,頑丈な，太った(形容詞),1786
down payment,頭金，手付金(名詞),1787
contractor,請負業者，契約者(名詞),1788
planetary,惑星の(形容詞),1789
approximate,およその(形容詞),1790
leftover,残り物，食べ残し(名詞),1791
formulate,策定する，計画する(動詞),1792
slant,傾斜/傾く(名詞),1793
play at,起用する，遊ぶ(熟語),1794
municipal,市政の，地方自治の(形容詞),1795
vulgar,下品な(形容詞),1796
precision,正確さ，精度(名詞),1797
thesis,論文，論題(名詞),1798
drowsy,眠い，うとうとしている(形容詞),1799
picturesque,絵のような，絵の様に美しい(形容詞),1800
dutiful,忠実な，従順な(形容詞),1801
cherish,大切にする，希望を抱く(動詞),1802
drop by,"ちょっと立ち寄る, 立ち寄る(熟語)",1803
supplier,供給者，供給元，仕入先(名詞),1804
precede,先行する(動詞),1805
subdue,鎮圧する，抑制する(動詞),1806
in excess,過度に，余分に(熟語),1807
decisive,決定的な，結論的な(形容詞),1808
barbarian,野蛮人，未開の人々(名詞),1809
superb,見事な，立派な(形容詞),1810
enforce,を実行する，実施する(動詞),1811
linguistic,言語学の，言語の(形容詞),1812
vacancy,空っぽ，空いた場所(名詞),1813
forceful,力強い，強い(形容詞),1814
dismal,陰気な，暗い(形容詞),1815
sullen,不機嫌な，不機嫌そうな(形容詞),1816
proverb,ことわざ，格言(名詞),1817
force down,を無理やり飲み込む，強いて飲み込む，無理に飲み込む(熟語),1818
prop,支柱，支え(名詞),1819
evenly,均等に，等しく(副詞),1820
forsake,を見捨てる，突き放す(動詞),1821
fraud,詐欺，ごまかし(名詞),1822
abandonment,放棄，遺棄(名詞),1823
itch,かゆみ，そう痒(名詞),1824
plaster,石膏，ギプス(名詞),1825
foresee,予見する，予測する(動詞),1826
handout,配布物(名詞),1827
doom,破滅，悪い運命(名詞),1828
dispatch,を送る，発送する(動詞),1829
mercury,水星，水星の(名詞),1830
eventual,最終的な，究極的な(形容詞),1831
paralyze,麻痺させる(動詞),1832
rot,腐敗する，腐る(動詞),1833
revoke,取り消す，無効にする(動詞),1834
toil,苦労して働く，懸命に働く(動詞),1835
allege,を申し立てる，主張する(動詞),1836
occurrence,発生(名詞),1837
landlord,家主(名詞),1838
lavatory,洗面所(名詞),1839
rein,手綱，馬具(名詞),1840
scornful,さげずんだ，軽蔑する(形容詞),1841
tranquil,静かな，平穏な(形容詞),1842
rotten,腐った，腐敗した(形容詞),1843
flush,流す(動詞),1844
take on,を雇う，引き受ける，採用する(熟語),1845
polar,極地の(形容詞),1846
raid,襲撃(名詞),1847
fiery,燃え立つような(形容詞),1848
gracious,優雅な(形容詞),1849
surplus,余剰，余り(名詞),1850
sort out,分類する，改善する(熟語),1851
foggy,霧のかかった(形容詞),1852
prospective,予測される，期待される(形容詞),1853
legislative,立法上の(形容詞),1854
duration,持続時間，持続期間(名詞),1855
admiral,提督，司令官(名詞),1856
plumber,配管工(名詞),1857
shriek,悲鳴を上げる/悲鳴(動詞),1858
carry through,やり通す，達成する(熟語),1859
sell out,売りつくす，売却する(熟語),1860
snare,わな(名詞),1861
rhetoric,美辞麗句(名詞),1862
optimism,楽観主義(名詞),1863
scheme,計画，案(名詞),1864
stagnant,停滞している(形容詞),1865
abolition,廃止，撤廃(名詞),1866
forthcoming,今後の(形容詞),1867
sane,正気の，気の確かな(形容詞),1868
clumsy,不器用な，ぎこちない(形容詞),1869
hydrogen,水素(名詞),1870
friction,摩擦，不和(名詞),1871
pouch,小袋(名詞),1872
epoch,時代，歴史の節目(名詞),1873
supreme,最高の，至高の(形容詞),1874
tariff,関税(名詞),1875
growl,うなり声(動詞),1876
collision,衝突，対立(名詞),1877
despite,にも関わらず，けれども(接続詞),1878
reptile,爬虫類(名詞),1879
refinement,精製，精錬(名詞),1880
in person,直接に，対面で(熟語),1881
conform,従う(動詞),1882
stick up for,を支持する，を弁護する，を擁護する(熟語),1883
amend,を修正する，改良する(動詞),1884
gratify,を満足させる(動詞),1885
utensil,用具，器具(名詞),1886
colonel,大佐(名詞),1887
marsh,沼地，湿地(名詞),1888
furnished,家具付きの(形容詞),1889
malice,悪意，敵意(名詞),1890
hatch,ふ化する(動詞),1891
peninsula,半島(名詞),1892
hypothesis,仮説，推論(名詞),1893
scanty,乏しい，不十分な(形容詞),1894
donate,を寄付する，を寄贈する(動詞),1895
coffin,棺桶(名詞),1896
let out,外に出す，解放する(熟語),1897
get in on,加わる，乗り込む(熟語),1898
geology,地質学(名詞),1899
boastful,自慢の，高慢な(形容詞),1900
in order,順序通りに，整った(熟語),1901
believe in,を信じる，を信用する(熟語),1902
ridicule,あざ笑う，嘲笑する(動詞),1903
forefather,先祖，祖先(名詞),1904
stand up to,に抵抗する，耐える，反抗する(熟語),1905
submission,提出，降伏(名詞),1906
sermon,説教，説法(名詞),1907
beverage,飲料(名詞),1908
pebble,小石，石ころ(名詞),1909
prescribe,処方する，指示する(動詞),1910
disappearance,失踪，消滅(名詞),1911
kernel,核心(名詞),1912
reproach,叱責/をしかる(名詞),1913
give over,を任せる，委ねる(熟語),1914
brisk,活発な，元気の良い(形容詞),1915
tell on,言いつける，密告する(熟語),1916
heed,注意する，気を付ける(動詞),1917
emission,排出，放射(名詞),1918
skinny,やせこけた(形容詞),1919
mediator,調停者，仲裁者(名詞),1920
presumably,たぶん，おそらく(副詞),1921
be laid up,寝込む，寝たきりになる，病床にある(熟語),1922
specimen,検体，見本(名詞),1923
suspension,停止(名詞),1924
diagnosis,診断，判断(名詞),1925
catch on,流行する，受け入れられる(熟語),1926
hazard,危険(名詞),1927
rake,くま手(名詞),1928
bough,大きな枝(名詞),1929
buckle down,精を出す，全力を尽くす(熟語),1930
exclusion,除外(名詞),1931
keep A away from B,AをBから遠ざける(熟語),1932
not surprisingly,当たり前の事だが，もちろんのことだが，当然のことながら(副詞),1933
lessen,減らす(動詞),1934
pious,信心深い(形容詞),1935
lengthen,を長くする(動詞),1936
play down,を軽く扱う，手軽に扱う，を見くびる(熟語),1937
affirm,を断言する，明言する(動詞),1938
feminine,女性らしい(形容詞),1939
hearth,囲炉裏(名詞),1940
expenditure,消費，経費(名詞),1941
fascination,魅惑(名詞),1942
allied,同盟を結んでいる，連携している(形容詞),1943
bachelor,独身男性，未婚男性(名詞),1944
shawl,肩掛け(名詞),1945
spoil,台無しにする，損なう(動詞),1946
confrontation,対決，対戦(名詞),1947
grumble,不平，不満(名詞),1948
interaction,相互作用(名詞),1949
affectionate,愛情深い，優しい(形容詞),1950
temperament,気質(名詞),1951
pollute,汚染する(動詞),1952
bulky,かさばった，嵩高な(形容詞),1953
novelty,斬新さ，珍しさ(名詞),1954
litter,ごみ(名詞),1955
across from,の向かいに，対面に，の向かい側(熟語),1956
brew,醸造する(動詞),1957
brace,支える(動詞),1958
velocity,速度(名詞),1959
tow,をけん引する，引く(動詞),1960
aerospace,航空宇宙(名詞),1961
anguish,苦悩，苦悶(名詞),1962
philosophical,哲学的な，思索的な(形容詞),1963
leave off,脱いだままでいる，着ずにいる(熟語),1964
repel,追い払う(動詞),1965
comply,準拠する(動詞),1966
habitat,生息地(名詞),1967
lock up,刑務所，留置所(名詞),1968
bribery,賄賂の授受，贈収賄(名詞),1969
set off,を引き起こす(熟語),1970
eruption,噴火，爆発(名詞),1971
emigration,移住(名詞),1972
embroider,刺繍する(動詞),1973
bewilder,当惑させる(動詞),1974
spine,脊椎，背骨(名詞),1975
lawsuit,訴訟(名詞),1976
missionary,宣教師，使節(名詞),1977
critique,批評，評論(名詞),1978
subordinate,下位の(形容詞),1979
proportional,均整の取れた，比例の(形容詞),1980
fragile,もろい(形容詞),1981
sanity,正気(名詞),1982
nationwide,全国の(形容詞),1983
legacy,遺産(名詞),1984
shove,を突き出す，押す(動詞),1985
adjustable,調整可能な，順応できる(形容詞),1986
disabled,障害のある(形容詞),1987
lure,疑似餌(名詞),1988
expanse,広がり(名詞),1989
smuggle,を密輸する(動詞),1990
endorse,を支持する，裏書きする(動詞),1991
fill out,書き込む，記入する(熟語),1992
novice,初心者，新米(名詞),1993
deprivation,剥奪，取り上げ(名詞),1994
at random,無作為に，手あたり次第に(熟語),1995
breach,違反(名詞),1996
compelling,説得力のある，有力な(形容詞),1997
conspicuous,目立った，顕著な(形容詞),1998
baron,男爵(名詞),1999
trot,急ぎ足，駆け足(名詞),2000
supposedly,たぶん，おそらく(副詞),2001
mother-in-law,義理の母，義母(名詞),2002
frail,もろい，か弱い(形容詞),2003
withhold,差し控える(動詞),2004
hang on to,にしがみつく，執着する(熟語),2005
affirmative,断定的な，肯定的な(形容詞),2006
spouse,配偶者(名詞),2007
push through,押し通す，芽が出る(熟語),2008
consolidate,を固める，統合する(動詞),2009
attic,屋根裏(名詞),2010
hinge,要点，蝶番(名詞),2011
quota,割り当て，分け前(名詞),2012
fall under,支配下に入る，分類される(熟語),2013
creed,信条(名詞),2014
endow,寄付する(動詞),2015
stammer,どもる，口ごもる(動詞),2016
irrelevant,無関係な(形容詞),2017
send out for,お使いに出す，出前を頼む(熟語),2018
radiation,放射線，放射(名詞),2019
questionnaire,質問表(名詞),2020
realism,現実主義(名詞),2021
bleak,吹きさらしの，荒涼とした(形容詞),2022
adverse,反対の，逆の(形容詞),2023
theft,盗み，窃盗(名詞),2024
lunar,月の(形容詞),2025
coalition,連立，連合(名詞),2026
barren,実を結ばない，結果を出さない(形容詞),2027
transparency,透明性(名詞),2028
count for,の価値がある，価値が認められる(熟語),2029
afflict,を苦しめる，悩ます(動詞),2030
bishop,司教，教会の指導者(名詞),2031
clarity,明快さ，明瞭(名詞),2032
disability,障害，無力(名詞),2033
plea,嘆願，懇願(名詞),2034
brink,瀬戸際，切羽詰まった状態(名詞),2035
compile,編集する(動詞),2036
confinement,制限，監禁(名詞),2037
clasp,留め金(名詞),2038
under warranty,保証内，保険の有効な(熟語),2039
to be honest,正直に言うと，実を言うと(熟語),2040
entrepreneur,起業家(名詞),2041
sales quota,売上ノルマ，販売割当(名詞),2042
encyclopedia,百科事典(名詞),2043
pick through,を探る，選りすぐる(熟語),2044
compassion,思いやり(名詞),2045
recipient,受取人(名詞),2046
aspire,熱望する，憧れる(動詞),2047
split up,を分ける，分割する，区別する(熟語),2048
galaxy,銀河(名詞),2049
snort,鼻を鳴らす(動詞),2050
call on,を訪問する，要求する(熟語),2051
amid,真ん中に，の中に(前置詞),2052
humidity,湿度，湿気(名詞),2053
relevance,関連性(名詞),2054
judicial,司法の，裁判の(形容詞),2055
extinct,絶滅した(形容詞),2056
clench,食いしばる，固く握る(動詞),2057
integrate,統合する(動詞),2058
coincidence,同時発生(名詞),2059
crash down,崩れる，台無しになる(熟語),2060
wag,を振る，揺り動かす(動詞),2061
conspire,陰謀を企てる(動詞),2062
finish off,を完成させる，完遂させる(熟語),2063
dough,パン生地(名詞),2064
congregation,会合(名詞),2065
accumulation,蓄積(名詞),2066
relish,風味(名詞),2067
bully,いじめっ子(名詞),2068
migration,移住(名詞),2069
sprawl,寝そべる(動詞),2070
compress,圧縮する(動詞),2071
grow out of,から生じる，脱皮する(熟語),2072
superstitious,迷信的な(形容詞),2073
aging,老化(名詞),2074
irrational,理性のない(形容詞),2075
stroll,散歩する(動詞),2076
sculptor,彫刻家(名詞),2077
congressional,会議の(形容詞),2078
to date,これまで，現在まで(熟語),2079
prickly,とげのある(形容詞),2080
degradation,降格，格下げ(名詞),2081
authentic,本物の，信頼できる(形容詞),2082
enroll,入学する(動詞),2083
transplant,を移植する(動詞),2084
pickpocket,すり(名詞),2085
contributor,貢献者，寄付者(名詞),2086
deathbed,臨終(名詞),2087
botany,植物学(名詞),2088
scrub,をこすり洗う(動詞),2089
in the first place,最初に，元々(熟語),2090
epidemic,流行性の，伝染性の(形容詞),2091
audit,監査，会計検査(名詞),2092
equilibrium,均衡，つり合い(名詞),2093
endanger,危険にさらす(動詞),2094
rite,儀式(名詞),2095
buddy,相棒，仲間(名詞),2096
blood vessel,血管，血の管(名詞),2097
yearn,憧れる，慕う(動詞),2098
subside,低下する，沈む(動詞),2099
sneak,こっそり動く(動詞),2100
custody,親権，管理(名詞),2101
retailer,小売業者(名詞),2102
pilgrim,巡礼者(名詞),2103
volcanic,火山の(形容詞),2104
notify,知らせる，通報する(動詞),2105
mow,を刈る(動詞),2106
turmoil,騒動，混乱，騒ぎ(名詞),2107
come off,から取れる，外れる(熟語),2108
extravagant,贅沢な，無駄遣いの(形容詞),2109
anatomy,解剖学(名詞),2110
array,整列させる，並べる(動詞),2111
gale,疾風，強風(名詞),2112
sniff,を嗅ぐ，におう(動詞),2113
likelihood,可能性，見込み(名詞),2114
voucher,引換券(名詞),2115
dynamics,原動力(名詞),2116
portfolio,人物像(名詞),2117
gulp,急いで飲み込む(動詞),2118
redundant,冗長な，豊富な，余計な(形容詞),2119
reinforcement,強化，増強(名詞),2120
eloquence,雄弁(名詞),2121
consistency,一貫性，一致(名詞),2122
adolescent,思春期の(名詞),2123
exotic,異国情緒の，外国の(形容詞),2124
vent,排出口，通風孔(名詞),2125
casualty,犠牲者，被害者(名詞),2126
plaintiff,原告(名詞),2127
shareholder,株主(名詞),2128
oppressive,抑圧的な，横暴な(形容詞),2129
vulnerable,傷つきやすい，繊細(形容詞),2130
query,疑問，質問(名詞),2131
triumphant,成功した，勝利した(形容詞),2132
worship,礼拝，崇拝(名詞),2133
hold up,持ちこたえる，耐える(熟語),2134
autonomy,自治，自主性(名詞),2135
integrated,統合された(形容詞),2136
composite,混成の，合成の(形容詞),2137
dweller,住人，住民(名詞),2138
die out,廃れる，消滅していく(熟語),2139
expire,期限切れの(動詞),2140
explicit,明らかな，はっきりとした(形容詞),2141
out of nowhere,いきなり，突然(熟語),2142
coherent,首尾一貫した(形容詞),2143
alleged,容疑のある(形容詞),2144
aristocratic,貴族の(形容詞),2145
thrift,倹約，節約(名詞),2146
collide,衝突する，ぶつかる(動詞),2147
show up,現れる，出現する(熟語),2148
toxic,有毒な(形容詞),2149
designate,選定する(動詞),2150
pull in,到着する，片側に寄る(熟語),2151
hitch,引っかける(動詞),2152
run against,にぶつかる，偶然出会う(熟語),2153
strategic,戦略的な(形容詞),2154
sneer,冷笑する，あざ笑う(動詞),2155
prosecute,を起訴する，告訴する(動詞),2156
assault,暴行，攻撃(名詞),2157
dilemma,板挟み，窮地(名詞),2158
subconscious,潜在意識の(名詞),2159
equity,公平，公正(名詞),2160
parable,比喩，たとえ話(名詞),2161
statute,法令(名詞),2162
entity,実在，実体(名詞),2163
accelerate,加速する(動詞),2164
devastate,荒廃させる(動詞),2165
stay in touch with,と連絡を取り続ける，絶えず連絡する(熟語),2166
speculate,推測する(動詞),2167
agitation,動揺(名詞),2168
jurisdiction,司法権，裁判権(名詞),2169
allegedly,申し立てによると，主張によると(副詞),2170
real estate,不動産，物件(名詞),2171
submerge,を水中に入れる，浸す(動詞),2172
make over,を作り替える，を改装する(熟語),2173
divinity,神格(名詞),2174
artisan,職人(名詞),2175
parental,親の(形容詞),2176
suffice,満足させる，足りる(動詞),2177
burglary,強盗，住宅侵入(名詞),2178
interact,相互作用する，互いに影響を与える(動詞),2179
prevent A from B,AをBから防ぐ，AをBから保護する(熟語),2180
ignition,点火，発火(名詞),2181
segment,区切り，部分(名詞),2182
numb,麻痺した、しびれた(形容詞),2183
lurk,待ち伏せる(動詞),2184
quote,見積り/見積る(名詞),2185
hemisphere,半球(名詞),2186
throw off,を投げ捨てる，放り出す，放棄する(熟語),2187
warehouse,倉庫(名詞),2188
considerate,思いやりのある(形容詞),2189
expel,を追放する，除名する(動詞),2190
windmill,風車(名詞),2191
practitioner,開業医，専門家(名詞),2192
depict,を描写する，描く(動詞),2193
aesthetic,美的な(形容詞),2194
constraint,拘束，強制(名詞),2195
emit,を放射する，発する(動詞),2196
swirl,渦巻く，旋回する(動詞),2197
propel,を推し進める，前進させる(動詞),2198
substantially,実質的に，本質的に(副詞),2199
correlation,相関性(名詞),2200
dignify,威厳をつける(動詞),2201
treacherous,裏切った，反逆の(形容詞),2202
faction,派閥，党派(名詞),2203
entangle,を絡ませる，もつれさせる(動詞),2204
luminous,光っている，輝く(形容詞),2205
suburban,郊外の，郊外型の(形容詞),2206
rave,夢中で話す(動詞),2207
raft,いかだ(名詞),2208
extinguish,を消す(動詞),2209
prologue,序章(名詞),2210
communion,親交(名詞),2211
bail,保釈，保釈金(名詞),2212
settle up,を支払う，払い戻す(熟語),2213
take in,を摂取する，取り入れる(熟語),2214
rumble,ゴロゴロ鳴る(動詞),2215
adolescence,青春期，思春期(名詞),2216
vomit,吐く/嘔吐(動詞),2217
obsess,執着する，とりつく(動詞),2218
add up to,結局～になる，結果として(熟語),2219
gush,吹き出る(動詞),2220
revenue,収益，所得(名詞),2221
negligent,怠慢な(形容詞),2222
unify,を一つにする，統一する(動詞),2223
associate A with B,AとBを関係づける(熟語),2224
medication,投薬，薬剤(名詞),2225
gauge,規格(名詞),2226
slaughter,虐殺，大量殺戮(名詞),2227
traverse,を横切る，横断する(動詞),2228
tavern,居酒屋(名詞),2229
rusty,さびた(形容詞),2230
attribute A to B,AをBに依るものとする，AをBとみなす(熟語),2231
agonize,苦しむ(動詞),2232
presidency,大統領職，首相職(名詞),2233
hangover,二日酔い(名詞),2234
pharmacy,薬局(名詞),2235
distract A from B,Aの気をBからそらす(熟語),2236
wicket,窓口(名詞),2237
rapture,有頂天，大喜び(名詞),2238
skid,滑り止め，横滑り(名詞),2239
assassinate,を暗殺する(動詞),2240
have access to,を利用できる，を利用可能(熟語),2241
lust,切望，渇望(名詞),2242
in pursuit of,を追跡して，追いかけて(熟語),2243
abound,たくさんいる，多い(動詞),2244
prostitute,売春婦(名詞),2245
in development,開発中の，開発過程において(熟語),2246
contaminate,を汚染する，汚す(動詞),2247
unstable,不安定な，ゆらぎやすい(形容詞),2248
keep up on,の最新状況を把握する，追いつく(熟語),2249
archaic,古風な，すたれた(形容詞),2250
durable,耐久性のある，長持ちする(形容詞),2251
retort,言い返す(動詞),2252
gender,性別，性(名詞),2253
ongoing,進行中の(形容詞),2254
slip up,やり損なう，うっかり誤る(熟語),2255
sarcastic,皮肉な，嫌みの(形容詞),2256
disaster,災害，災難(名詞),2257
fad,流行(名詞),2258
analogy,類似(名詞),2259
assorted,盛り合わせの(形容詞),2260
register for,に登録する，に記録する(熟語),2261
exalt,高揚する(動詞),2262
integrity,誠実さ，誠意(名詞),2263
defective,欠点のある(形容詞),2264
subject to,の支配下にある，によると(熟語),2265
attainment,達成，到達(名詞),2266
make ends meet,収支を合わせる，つじつまを合わせる(熟語),2267
shudder,身震いする(動詞),2268
feel for,を感じる，同情する，を体感する(熟語),2269
clean cut,きちんとした，整然とした(形容詞),2270
cramp,けいれん(名詞),2271
frantic,半狂乱の，狂った(形容詞),2272
tickle,をくすぐる(動詞),2273
allegation,主張，申し立て(名詞),2274
delicacy,優美さ，精巧さ(名詞),2275
light bulb,電球，蛍光灯(名詞),2276
pass out,気絶する，失神する(熟語),2277
ecological,生態学の(形容詞),2278
kick around,粗末に扱う，酷使する(熟語),2279
tug,をぐいと引く，強く引っ張る(動詞),2280
ironic,皮肉な(形容詞),2281
lyric,歌詞/叙情的な(名詞),2282
rouge,口紅(名詞),2283
sulfur,硫黄(名詞),2284
tie up,を縛り上げる，束縛する(熟語),2285
ripple,波紋(名詞),2286
testimony,証言，申し立て(名詞),2287
recede,退く(動詞),2288
ascertain,を確かめる(動詞),2289
negligible,取るに足らない(形容詞),2290
compatible,互換性のある，両立できる(形容詞),2291
aboriginal,先住民の，土着の(形容詞),2292
disdain,を軽蔑する(動詞),2293
finite,有限の，限りある(形容詞),2294
poach,密漁する(動詞),2295
paraphrase,言い換え(名詞),2296
shake up,大きく変える，再編する(熟語),2297
blur,しみ，汚れ(名詞),2298
prophecy,予言(名詞),2299
hierarchy,階層(名詞),2300
decimal,小数(名詞),2301
par,同等，等価(名詞),2302
laptop,ノートパソコン(名詞),2303
aviation,航空，飛行(名詞),2304
captivity,監禁，囚禁(名詞),2305
sterile,殺菌した，不妊の(形容詞),2306
breakthrough,突破口(名詞),2307
transcript,写し，写本(名詞),2308
deodorant,防臭剤(名詞),2309
desperation,自暴自棄，絶望(名詞),2310
shrill,かん高い，金切り声の(形容詞),2311
contagious,伝染性の(形容詞),2312
ambiguous,あいまいな(形容詞),2313
hostage,人質(名詞),2314
facilitate,を促進する，楽にする(動詞),2315
sovereign,主権者，君主(名詞),2316
addiction,中毒性(名詞),2317
on balance,考慮すると，結局(熟語),2318
hitherto,従来，今まで(副詞),2319
strangle,を絞め殺す，窒息させる(動詞),2320
maze,迷路(名詞),2321
quiver,小刻みに揺れる，震える(動詞),2322
supervisor,上司(名詞),2323
conserve,を保存する，保護する(動詞),2324
nurture,を養う，養育する(動詞),2325
tilt,を傾ける，を斜めにする(動詞),2326
tonic,強壮剤，健康促進剤(名詞),2327
integration,統合，結合(名詞),2328
dissolution,分離，溶解(名詞),2329
arrogance,傲慢(名詞),2330
rotate,回転する(動詞),2331
tribal,部族の(形容詞),2332
craze,発狂させる(動詞),2333
pier,桟橋(名詞),2334
relic,遺物，遺跡(名詞),2335
talk down to,見下して話す，軽蔑して話す(熟語),2336
aerial,大気の，空気の(形容詞),2337
juvenile,少年の(形容詞),2338
keep A out of B,AをBに入れない，AをBに含めない(熟語),2339
resolute,断固たる(形容詞),2340
nourishment,栄養，滋養(名詞),2341
donor,提供者，寄付者(名詞),2342
coup,大当たり(名詞),2343
underlying,根底にある(形容詞),2344
burn out,を焼き尽くす，を灼き尽くす(熟語),2345
humiliate,に恥をかかせる(動詞),2346
rarity,希少さ，珍しさ(名詞),2347
reddish,赤らんだ(形容詞),2348
pick over,吟味して選ぶ，選び抜く(熟語),2349
merge,合併する，合体する(動詞),2350
shrewd,鋭敏な，鋭い(形容詞),2351
glaze,上塗りする(動詞),2352
parish,教区(名詞),2353
thereby,それによって(副詞),2354
unprecedented,前例のない(形容詞),2355
validity,有効性，効果性(名詞),2356
norm,規範，基準(名詞),2357
vendor,行商人(名詞),2358
close in,を閉じ込める，隔離する(熟語),2359
diabetes,糖尿病，高血糖症(名詞),2360
momentum,運動量，運動エネルギー(名詞),2361
opt,を選ぶ，選定する(動詞),2362
chunk,厚切り，かたまり(名詞),2363
secular,世俗の，現世の(形容詞),2364
in particular,特に，とりわけ(熟語),2365
manipulate,操る(動詞),2366
sanction,認可，許可(名詞),2367
fire up,点火する，起動する(熟語),2368
poke,を突つく(動詞),2369
donate A to B,AをBに寄付する(熟語),2370
immune,免疫の，免疫のある(形容詞),2371
remnant,残り物，残存物(名詞),2372
inventory,在庫(名詞),2373
grotesque,怪奇な，異様な(形容詞),2374
discourse,言説，講演(名詞),2375
reminder,催促，注意喚起(名詞),2376
willingness,意欲，意志(名詞),2377
verdict,評決(名詞),2378
nutrient,栄養素，栄養分(名詞),2379
syndrome,症候群(名詞),2380
squad,分隊(名詞),2381
credibility,信頼性，信用(名詞),2382
legislature,立法府(名詞),2383
read off,を読み上げる，すらすら読む(熟語),2384
collaboration,共同，共作，協力(名詞),2385
respondent,被告，応答(名詞),2386
hand off,を渡す，手渡す(熟語),2387
racism,人種差別(名詞),2388
infrastructure,基盤(名詞),2389
sovereignty,主権，統治権(名詞),2390
behavioral,行動上の，行動の(形容詞),2391
sibling,兄弟姉妹(名詞),2392
synonym,同意語，類語(名詞),2393
shoelace,靴ひも(名詞),2394
verify,を確認する，立証する(動詞),2395
gorge,峡谷，谷間(名詞),2396
cult,儀式，信仰(名詞),2397
aptitude,素質，才能(名詞),2398
miser,守銭奴，欲張り(名詞),2399
ramp,傾斜路(名詞),2400
ore,鉱石(名詞),2401
abbreviate,を略する，短縮する(動詞),2402
ingenuity,工夫，創意工夫(名詞),2403
swap,交換する，取り換える(動詞),2404
afar,はるか遠くに(副詞),2405
work out,練習する，運動する(熟語),2406
analogous,類似している(形容詞),2407
allot,を割り当てる，充当する(動詞),2408
dissent,異議を唱える，反対する(動詞),2409
diverge,分岐する，分かれる(動詞),2410
distaste,嫌悪，いや気(名詞),2411
overt,明白な，公然の(形容詞),2412
ordeal,試練，試金石(名詞),2413
crescent,三日月(名詞),2414
vice versa,反対に，反対もまた(熟語),2415
outnumber,数で勝る(動詞),2416
round up,寄せ集める，切り上げる(熟語),2417
pact,協定，条約(名詞),2418
consolation,慰め，慰安(名詞),2419
purge,粛清する，浄化する(動詞),2420
distortion,ねじれ，ゆがみ(名詞),2421
remorse,自責，良心の呵責(名詞),2422
apathy,無関心，無感動(名詞),2423
lifelike,生きてるような，生き写しの(形容詞),2424
transit,乗り継ぎ(名詞),2425
faithless,不誠実な，不実な(形容詞),2426
enrage,激怒させる(動詞),2427
stick around,居残る，うろうろする(熟語),2428
ply,精を出す，努力する(動詞),2429
ease into,にゆっくりと入る，スムーズに入る，滞りなく入る(熟語),2430
dogma,教義，信条(名詞),2431
occupant,占有者，居住者(名詞),2432
excerpt,抜粋，引用句(名詞),2433
erroneous,誤った，間違えた(形容詞),2434
siege,包囲(名詞),2435
adornment,装飾品(名詞),2436
notional,概念的な，抽象的な(形容詞),2437
militant,好戦的な，攻撃的な(形容詞),2438
bin,容器(名詞),2439
inconceivable,想像もつかない，信じられない(形容詞),2440
put A into place,Aを実行する，Aを遂行する(熟語),2441
bonfire,たき火(名詞),2442
set aside,横に置く，取っておく(熟語),2443
constable,巡査，公務員(名詞),2444
gravestone,墓石(名詞),2445
rebel against,に反抗する，対抗する(熟語),2446
enmity,敵意，憎しみ(名詞),2447
chronic,慢性的な(形容詞),2448
forearm,前腕部(名詞),2449
interrogate,を尋問する(動詞),2450
exempt,を免除する(動詞),2451
monopolize,を独占する(動詞),2452
confess to,を白状する，告白する(熟語),2453
assimilate,吸収する，同化する，取り込む(動詞),2454
summer solstice,夏至(名詞),2455
vogue,流行(名詞),2456
nip,をつねる，はさむ(動詞),2457
tune up,を調整する，整備する(熟語),2458
back down,手を引く，引き下がる(熟語),2459
pervade,浸透する(動詞),2460
rigorous,厳格な(形容詞),2461
transfusion,輸血(名詞),2462
hygiene,衛生(名詞),2463
hang out,くつろぐ，リラックスする(熟語),2464
duplicate,を複製する(動詞),2465
rectify,を修正する(動詞),2466
ecstatic,夢中の，有頂天の(形容詞),2467
instantaneous,即時の，瞬間の(形容詞),2468
commemorate,を祝う，記念する(動詞),2469
droop,うなだれる(動詞),2470
repute,評判(名詞),2471
fingertip,指先(名詞),2472
celestial,天体の，天国の(形容詞),2473
crave,を欲する，切望する(動詞),2474
bog,沼地(名詞),2475
anecdote,逸話(名詞),2476
amiable,愛想が良い，感じが良い(形容詞),2477
infuse,注入する(動詞),2478
precedent,先例，前提(名詞),2479
surmise,を推測する(動詞),2480
noteworthy,注目に値する，著しい(形容詞),2481
law enforcement,法の執行(名詞),2482
contention,争い，競争(名詞),2483
cuddle,を抱きしめる(動詞),2484
take up,を取り上げる(熟語),2485
duchess,公爵夫人(名詞),2486
plaque,額，歯垢(名詞),2487
malicious,悪意のある，意地の悪い(形容詞),2488
win over,に勝つ，説得する(熟語),2489
metro,地下鉄(名詞),2490
hover,空中停止する(動詞),2491
contemptuous,軽蔑的な(形容詞),2492
irresistible,抵抗できない，抑えられない(形容詞),2493
fusion,融合(名詞),2494
predicate,述語(名詞),2495
eat up,食べつくす，使い果たす(熟語),2496
incoherent,一貫性のない(形容詞),2497
distracted,気の散った，注意をそらされた(形容詞),2498
slack,緩んだ，たるんだ(形容詞),2499
extravagance,浪費(名詞),2500
precarious,不安定な，不確かな(形容詞),2501
crack up,大破する，くじける(熟語),2502
pester,を悩ませる，困らせる(動詞),2503
repress,を抑圧する，鎮圧する(動詞),2504
be critical of,に批判的である，否定的な(熟語),2505
pang,激痛(名詞),2506
glisten,きらめく，光る(動詞),2507
moor,つなぐ(動詞),2508
decree,法令(名詞),2509
censor,検閲官(名詞),2510
evoke,呼び起こす(動詞),2511
spectrum,波長分布，波長の分布，光の分布(名詞),2512
rigorous,厳しい，厳格な(形容詞),2513
superintendent,監督者(名詞),2514
distance A from B,AをBから遠ざける，AをBから隔てる(熟語),2515
differential,差分の，差別的な(形容詞),2516
conjecture,推測，憶測(名詞),2517
contamination,汚染，汚染物質(名詞),2518
highness,高度，殿下(名詞),2519
coherence,一貫性，結合(名詞),2520
sinister,不吉な，縁起の悪い(形容詞),2521
salvation,救済，救い(名詞),2522
turn down,を断る，拒む(熟語),2523
intuitive,直感的な(形容詞),2524
temperance,節制，禁酒(名詞),2525
abort,中絶する，流産する(動詞),2526
matrix,母体，原盤(名詞),2527
bring out,を引き出す，引き起こす(熟語),2528
occidental,西洋の(形容詞),2529
fall out of favor with,に嫌われる，のお気に入りでなくなる(熟語),2530
haven,避難所(名詞),2531
chant,聖歌，歌(名詞),2532
rustic,素朴な，田舎の(形容詞),2533
aquatic,水生の，水の(形容詞),2534
gutter,側溝，排水溝(名詞),2535
observatory,観測所(名詞),2536
populous,人口の多い(形容詞),2537
supersonic,超音速の(形容詞),2538
janitor,用務員，建物のメンテナンス等を担当する人(名詞),2539
in mind,頭に置いて，考慮して(熟語),2540
poultry,家禽(名詞),2541
sensory,感覚の(形容詞),2542
ruthless,冷酷な，無慈悲な(形容詞),2543
deter,をやめさせる，躊躇させる(動詞),2544
converse,逆の(形容詞),2545
jot,わずか，微量(名詞),2546
cheery,陽気な，明るい(形容詞),2547
cut in,切り込む，干渉する(熟語),2548
vocational,職業の，職業上の(形容詞),2549
din,騒音(名詞),2550
intimidate,をおびえさせる，脅す(動詞),2551
insincere,誠意のない，不誠実な(形容詞),2552
obstruct,をふさぐ，遮断する(動詞),2553
astray,道に迷って(副詞),2554
go back on,を裏切る，約束を破る(熟語),2555
obsolete,時代遅れの(形容詞),2556
wail,泣き叫ぶ(動詞),2557
conceited,うぬぼれた(形容詞),2558
ebb,衰退，引き潮(名詞),2559
morale,士気，風紀(名詞),2560
stun,を気絶させる(動詞),2561
transcribe,を筆記する，複写する(動詞),2562
rascal,ならず者，ごろつき(名詞),2563
piety,信仰心(名詞),2564
infer,を推論する，推量する(動詞),2565
preoccupation,没頭，夢中(名詞),2566
heredity,遺伝，相続(名詞),2567
barter,物々交換する(動詞),2568
aloof,離れて，遠ざかって(副詞),2569
indecent,わいせつな，みだらな(形容詞),2570
integrate A into B,AをBに統合する，AをBに併合する(熟語),2571
gravel,砂利(名詞),2572
compassionate,思いやりのある，情け深い(形容詞),2573
elaboration,精巧さ(名詞),2574
cynical,皮肉な，冷笑的な(形容詞),2575
footnote,脚注(名詞),2576
in line with,に従って，一致して，合致して(熟語),2577
outrageous,無法な，法律を無視した(形容詞),2578
providence,摂理(名詞),2579
sustainable,存続可能な，持続可能な(形容詞),2580
contradictory,矛盾した，正反対の(形容詞),2581
conflict with,と相容れない，合わない(熟語),2582
detection,発見，探知(名詞),2583
surgical,外科の，外科的な(形容詞),2584
inflammation,炎症，発火(名詞),2585
mobilize,動員する(動詞),2586
taint,腐敗，汚染(名詞),2587
assertive,断定的な(形容詞),2588
pedestal,台座，基礎(名詞),2589
elasticity,弾力，伸縮(名詞),2590
layman,俗人(名詞),2591
tuition,授業料，学費(名詞),2592
classify A as B,AをBに分類する(熟語),2593
potent,効能のある，効果的な(形容詞),2594
impair,を損なう，弱める(動詞),2595
gust,突風(名詞),2596
radius,半径(名詞),2597
dynasty,王朝，王家(名詞),2598
stop by,立ち寄る，短時間訪れる(熟語),2599
undermine,弱体化させる，衰退させる(動詞),2600
overcast,曇った，陰気な(形容詞),2601
feudal,領地の，封建の(形容詞),2602
intermission,休止，休憩(名詞),2603
shoplift,を万引きする(動詞),2604
boulevard,大通り(名詞),2605
be tidied up,きちんと片づけた，整えた(熟語),2606
invest in,に投資する，に資本を提供する(熟語),2607
as it turns out,結局のところ，最終的に(熟語),2608
shun,を避ける(動詞),2609
damned,のろわれた(形容詞),2610
act on,を決定する，決議する(熟語),2611
curfew,門限(名詞),2612
uproar,大騒ぎ，騒動(名詞),2613
spiral,螺旋の(形容詞),2614
yolk,卵黄，黄身(名詞),2615
terminate,を終了する，終わらせる(動詞),2616
petroleum,石油(名詞),2617
monotony,単調，一本調子(名詞),2618
linguistics,言語学(名詞),2619
redeem,を引き換える，買い戻す(動詞),2620
enrichment,濃縮，豊かにすること(名詞),2621
application form,申込用紙，願書(名詞),2622
adjacent,隣接している(形容詞),2623
biased toward,に対する偏見，偏った見方(熟語),2624
bondage,緊縛，縛り(名詞),2625
infuriate,を激怒させる(動詞),2626
oblivion,忘却(名詞),2627
sift,をふるいにかける(動詞),2628
placid,穏やかな，温和な(形容詞),2629
persevere,を辛抱する，我慢する(動詞),2630
amplify,を拡大する，増大する(動詞),2631
fixture,備品(名詞),2632
disruptive,破壊的な，破壊力のある(形容詞),2633
impeach,を責める，弾劾する(動詞),2634
inexplicable,不可解な，説明できない(形容詞),2635
allocation,割り当て，配置(名詞),2636
hypocrite,偽善者(名詞),2637
blizzard,猛吹雪(名詞),2638
longevity,寿命，長寿(名詞),2639
void,無効の(形容詞),2640
fatherland,祖国(名詞),2641
lock in,を閉じ込める，密封するように閉じる(熟語),2642
reminiscence,回想(名詞),2643
give rise to,を生じさせる，を引き起こす(熟語),2644
surge,波打つ，急に上がる(動詞),2645
participle,分詞(名詞),2646
obstacle to,への障壁，の妨害(熟語),2647
reservoir,貯水池(名詞),2648
distill,蒸留する(動詞),2649
evacuate,避難する，逃避する(動詞),2650
trickle,したたる(動詞),2651
crest,とさか(名詞),2652
pollutant,汚染物質(名詞),2653
contour,輪郭(名詞),2654
sum up,を合計する，要約する(熟語),2655
irrelevance,無関係，見当違い(名詞),2656
fragrant,香りのよい，香り高い(形容詞),2657
periodic,定期的な，周期的な(形容詞),2658
tentative,暫定の，仮の(形容詞),2659
crimson,真紅の(形容詞),2660
butler,執事(名詞),2661
rogue,悪党(名詞),2662
preparatory,準備の(形容詞),2663
acoustic,音響の，聴覚の(形容詞),2664
lighthearted,気軽な，気楽な(形容詞),2665
discord,不一致，不和(名詞),2666
fore,前方の，前部の(形容詞),2667
throng,群衆，群れ(名詞),2668
chauffeur,運転手(名詞),2669
midweek,週半ば(名詞),2670
psychic,超能力のある(形容詞),2671
solicit,を懇願する(動詞),2672
flair,才能，能力(名詞),2673
madden,を発狂させる，激怒させる(動詞),2674
painstaking,骨を折る，苦心する(形容詞),2675
lukewarm,なまぬるい，微温の(形容詞),2676
flaw,欠点(名詞),2677
sling,投石器(名詞),2678
legitimacy,合法，正当性(名詞),2679
go over,を繰り返す(熟語),2680
see through,を見抜く，見通す，透視する(熟語),2681
assassin,暗殺者，刺客(名詞),2682
plume,羽根飾り(名詞),2683
posterity,子孫(名詞),2684
scrutiny,精査(名詞),2685
overdue,延滞した，期限の過ぎた(形容詞),2686
diffuse,を散らす，拡散する(動詞),2687
deteriorate,を悪化させる(動詞),2688
grandeur,雄大さ，壮大さ(名詞),2689
parasite,寄生虫，寄生生物(名詞),2690
renounce,を放棄する，中止する(動詞),2691
porridge,おかゆ(名詞),2692
at the moment,今のところ，現状(熟語),2693
sled,そり(名詞),2694
entice,誘惑する，魅惑する(動詞),2695
peat,泥炭(名詞),2696
put forth,を進める，出す(熟語),2697
sunken,沈んだ(形容詞),2698
oversight,見落とし，過失(名詞),2699
immeasurable,計り知れない，無限の(形容詞),2700
outsmart,裏をかく，出し抜ける(動詞),2701
neutralize,中和する(動詞),2702
supremacy,至高，覇権(名詞),2703
sign up,登録する，署名する(熟語),2704
electrify,帯電させる(動詞),2705
eclipse,日食(名詞),2706
heath,荒野，野原(名詞),2707
boon,恩恵(名詞),2708
epic,大作，壮大な作品(名詞),2709
jest,冗談(名詞),2710
phonetic,音声の(形容詞),2711
wisdom tooth,親知らず，知歯(名詞),2712
sewer,下水道(名詞),2713
pane,鏡板(名詞),2714
muscular,筋肉質の(形容詞),2715
border,国境，境界(名詞),2716
recurrence,再発，反復(名詞),2717
skeptical,懐疑的な，疑い深い(形容詞),2718
frugal,質素な，倹約な(形容詞),2719
daze,目をくらます(動詞),2720
foretell,を予告する，予言する(動詞),2721
emigrant,移民，移住者(名詞),2722
sanctuary,聖域，聖なる場所(名詞),2723
cheeky,生意気な，ずうずうしい(形容詞),2724
prank,いたずら，悪ふざけ(名詞),2725
fabulous,素晴らしい(形容詞),2726
segregate,を分離する，隔離する(動詞),2727
cuisine,料理(名詞),2728
skim over,流し読みする，ざっと読む，素早く読む(熟語),2729
retention,保持，維持(名詞),2730
bring off,を成し遂げる，達成する，完成させる(熟語),2731
whereby,それによって，それに従って(接続詞),2732
partition,仕切り，分割(名詞),2733
dubious,疑っている，はっきりしない(形容詞),2734
intrigue,陰謀(名詞),2735
captivate,を魅了する(動詞),2736
expose A to B,AをBにさらす(熟語),2737
erupt,噴火する(動詞),2738
prone,しがちで，傾向がある(形容詞),2739
level off,平らにする，水平にする(熟語),2740
deceptive,だまそうとする，当てにならない(形容詞),2741
talk up,を大袈裟にほめる，過大に評価する(熟語),2742
contribute to,に貢献する(熟語),2743
designation,指定，選定(名詞),2744
avert,を逸らす，避ける(動詞),2745
dreary,退屈な(形容詞),2746
camel,ラクダ(名詞),2747
stink,悪臭を放つ(動詞),2748
thermal,熱の，温度に関する(形容詞),2749
devoid,欠けている，欠如している(形容詞),2750
thump,を殴る，たたく(動詞),2751
mimic,を模倣する，真似る(動詞),2752
place limitation on,に制限を加える，限界を与える(熟語),2753
meager,貧弱な(形容詞),2754
notation,表記，注釈(名詞),2755
torrent,急流(名詞),2756
merger,合併(名詞),2757
perpetuate,を永続させる(動詞),2758
evergreen,常緑の(形容詞),2759
rebuke,を注意する，しかる(動詞),2760
manipulation,巧妙な扱い，操作(名詞),2761
holocaust,大虐殺(名詞),2762
hectic,興奮した(形容詞),2763
nod off,眠り込む，眠る(熟語),2764
denounce,非難する，批判する(動詞),2765
incur,負う，招く(動詞),2766
sap,樹液(名詞),2767
predominant,優勢な，有力な(形容詞),2768
interim,暫定，中間(名詞),2769
affluent,裕福な，富裕な(形容詞),2770
devotee,信者(名詞),2771
hit the books,猛勉強する，必死に勉強する(熟語),2772
pretext,口実，弁解(名詞),2773
idly,何もしないで，怠けて(副詞),2774
repentance,後悔，懺悔(名詞),2775
ceaseless,絶え間ない(形容詞),2776
bizarre,奇妙な，異様な(形容詞),2777
gratification,満足，喜び(名詞),2778
reunion,同窓会(名詞),2779
radioactive,放射性の(形容詞),2780
akin,同族の，血族の(形容詞),2781
meek,おとなしい，温和な(形容詞),2782
purify,を清める，浄化する(動詞),2783
layoff,一時解雇(名詞),2784
bounce back,持ち直す，回復する(熟語),2785
fight back,応戦する，やり返す(熟語),2786
illegitimate,違法の，非合法の(形容詞),2787
exertion,尽力，努力(名詞),2788
lethal,致命的な(形容詞),2789
as before,以前の様に，以前と同等に(熟語),2790
median,中央値(名詞),2791
condemnation,非難(名詞),2792
fall into,に属する，分類される(熟語),2793
lengthy,長い(形容詞),2794
frivolous,軽薄な，いい加減な(形容詞),2795
germ,細菌(名詞),2796
compulsion,脅迫，強制(名詞),2797
boulder,丸石(名詞),2798
sequel,続編，続き(名詞),2799
agitate,を扇動する，揺り動かす(動詞),2800
jump at,に飛びつく，すぐに受け入れる(熟語),2801
tangible,有形の，手で触れる(形容詞),2802
keep up with,に遅れず付いていく，遅れないで追随する(熟語),2803
evade,避ける，避ける(動詞),2804
thong,ひも(名詞),2805
seduce,を誘惑する，そそのかす(動詞),2806
sinner,罪人(名詞),2807
massacre,皆殺し，大虐殺(名詞),2808
haze,もや，かすみ(名詞),2809
woe,悲痛，苦悩(名詞),2810
ponder,を熟考する，じっくり考える(動詞),2811
lucrative,利益が上がる，儲かる(形容詞),2812
illogical,非論理的な(形容詞),2813
radiant,輝く，光を放つ(形容詞),2814
inborn,生まれつきの，先天的な(形容詞),2815
doze,居眠りする(動詞),2816
oversee,を監督する(動詞),2817
plateau,高原，台地(名詞),2818
detain,を引き留める，留め置く(動詞),2819
match A with B,AをBと適合させる(熟語),2820
petty,取るに足らない，ささいな(形容詞),2821
sage,賢明な(形容詞),2822
peek,のぞき見る，ちらっとのぞく(動詞),2823
impotent,無力な，無気力な(形容詞),2824
come through,を通り抜ける，やり通す(熟語),2825
fall through,失敗に終わる，駄目になる，台無しになる(熟語),2826
dictatorship,独裁(名詞),2827
confound,を困惑させる，混乱させる(動詞),2828
anarchy,無秩序，無政府状態(名詞),2829
head out,出発する，去る(熟語),2830
deduct,を差し引く，控除する(動詞),2831
irrigation,灌漑(名詞),2832
toothpick,爪楊枝(名詞),2833
avalanche,雪崩(名詞),2834
residue,残留物，残余(名詞),2835
irrigate,を灌漑する，水を引く(動詞),2836
imprudent,軽率な，無謀な(形容詞),2837
myriad,無数の(名詞),2838
disfigure,醜くする(動詞),2839
pinnacle,頂点(名詞),2840
botanist,植物学者，植物研究者(名詞),2841
discreet,慎重な，分別のある(形容詞),2842
maternal,母の(形容詞),2843
regiment,連隊(名詞),2844
congestion,密集，充満(名詞),2845
dilute,薄める，希釈する(動詞),2846
crumble,を粉々にする(動詞),2847
reciprocal,相互の(形容詞),2848
let A go,Aを解雇する，自由にする(熟語),2849
face off,対決する，向き合う，立ち向かう(熟語),2850
feat,偉業，功績(名詞),2851
depot,停車場(名詞),2852
dioxide,二酸化物(名詞),2853
localize,地方化する(動詞),2854
saving account,普通預金，通常の預金(名詞),2855
complacent,自己満足の，独りよがりの(形容詞),2856
perverse,ひねくれた，強情な(形容詞),2857
tip over,ひっくり返る，転覆する(熟語),2858
childbirth,出産，分娩(名詞),2859
break down,を壊す，解体する(熟語),2860
tact,機転(名詞),2861
tumor,腫瘍(名詞),2862
be likely to,する可能性が高い，しそうになる(熟語),2863
stepfather,継父，義父(名詞),2864
abstraction,抽象的(名詞),2865
intrinsic,本質的な，基本的な(形容詞),2866
premature,時期尚早の，早まった(形容詞),2867
forefinger,人差し指(名詞),2868
bran,ぬか(名詞),2869
mythology,神話(名詞),2870
ravage,破壊(動詞),2871
get down to,に下りる，取り組む(熟語),2872
kidney,腎臓(名詞),2873
swoop,急襲する(動詞),2874
whatsoever,なんでも(副詞),2875
come along,一緒に行く，共に進む(熟語),2876
plummet,おもり(名詞),2877
herald,報道者，使者(名詞),2878
notorious,悪名高い，有名な(形容詞),2879
protocol,儀礼(名詞),2880
alienate,を遠ざける(動詞),2881
cosmic,宇宙の，宙域の(形容詞),2882
put an end to,を終わらせる，終了させる(熟語),2883
tumult,騒動，暴動(名詞),2884
play out,最後まで演じる，遊ぶ，最後まで続ける(熟語),2885
retrospect,回顧，回想(名詞),2886
pack up,を荷造りする，詰める(熟語),2887
apiece,各自で(副詞),2888
get on with,とうまくやっていく，スムーズに進める(熟語),2889
mediocre,平凡な，月並みの(形容詞),2890
renown,名声(名詞),2891
intricacy,複雑さ(名詞),2892
effortless,楽な(形容詞),2893
futile,無駄な(形容詞),2894
entrust,委託する(動詞),2895
robust,たくましい，強靭な(形容詞),2896
drought,干ばつ(名詞),2897
spank,尻を叩く(動詞),2898
warranty,保証，保障(名詞),2899
attest,を証明する(動詞),2900
evaporate,蒸発する(動詞),2901
squeak,きしむ(動詞),2902
retrace,引き返す(動詞),2903
denote,表示する，示す(動詞),2904
aggravate,悪化させる，劣化させる(動詞),2905
humane,人道的な，人道に基づく(形容詞),2906
crunch,を噛み砕く(動詞),2907
forcible,強制的な，強い(形容詞),2908
nick,刻み目(名詞),2909
browse,拾い読みする，一部読む(動詞),2910
apprehend,を逮捕する(動詞),2911
tribunal,裁判所(名詞),2912
gaily,陽気に(副詞),2913
retrieve,取り戻す(動詞),2914
recur,再発する，繰り返される(動詞),2915
glossary,用語集(名詞),2916
affiliate,連携させる，合併する(動詞),2917
compression,圧縮，ようやく(名詞),2918
miltary service,兵役，徴兵(名詞),2919
defiant,反抗的な，挑戦的な(形容詞),2920
fungus,菌(名詞),2921
improvise,即興で作る(動詞),2922
sluggish,鈍い，遅い(形容詞),2923
glossy,光沢のある，つやのある(形容詞),2924
acclaim,称賛する(動詞),2925
commencement,開始(名詞),2926
coma,こん睡状態(名詞),2927
trespass,侵害する，つけ込む(動詞),2928
convene,を召集する(動詞),2929
debris,破片，残骸(名詞),2930
predator,捕食者(名詞),2931
regulatory,規制，制限(形容詞),2932
diagnose,を診断する(動詞),2933
vice,副(名詞),2934
deploy,を展開する，配置する(動詞),2935
paid vacation,有給休暇，給与付きの休暇(名詞),2936
trance,恍惚，夢中(名詞),2937
consecutive,連続した(形容詞),2938
devastating,壊滅的な，破壊的な(形容詞),2939
inmate,収容者，被収容者(名詞),2940
accountability,説明責任(名詞),2941
minimal,最小限の，最低限の(形容詞),2942
carbohydrate,炭水化物(名詞),2943
legislator,議員(名詞),2944
envision,想像する，思い描く(動詞),2945
theology,神学(名詞),2946
critical of,を批判する，非難する(熟語),2947
mandate,権限，指令(名詞),2948
regulator,規定者(名詞),2949
give away,無償で配る，暴露する(熟語),2950
mentor,指導者，リーダー(名詞),2951
tactic,戦術(名詞),2952
annual fee,年会費，年会料(名詞),2953
enact,を制定する，法令化する(動詞),2954
articulate,明確にする(動詞),2955
stand out,目立つ，すぐれている(熟語),2956
skull,頭蓋骨(名詞),2957
nominee,候補者(名詞),2958
compliance,社会規範(名詞),2959
indigenous,原産の(形容詞),2960
influx,流入(名詞),2961
pageant,壮観(名詞),2962
cognitive,認識の(形容詞),2963
ferocious,どう猛な，恐ろしい(形容詞),2964
overstate,を誇張する(動詞),2965
surveillance,監視，見守り(名詞),2966
courtroom,法廷(名詞),2967
eligible,資格のある，適格な(形容詞),2968
slit,を切り開く(動詞),2969
rampage,大暴れ，乱闘(名詞),2970
revitalize,活性化させる(動詞),2971
blurry,ぼやけた(形容詞),2972
disband,を解散する(動詞),2973
impede,を妨げる(動詞),2974
vicinity,近所，近隣(名詞),2975
legible,読みやすい(形容詞),2976
downcast,意気消沈した(形容詞),2977
inflame,を興奮させる，燃え上がらせる(動詞),2978
benefit from,で利益を得る，儲かる(熟語),2979
sporadically,散発的に，まばらに(副詞),2980
opposed,反対した(形容詞),2981
improved,改善した(形容詞),2982
atop,頂上に，の上に(副詞),2983
sprain,をくじく，捻挫する(動詞),2984
routinely,日常的に，いつものように(副詞),2985
cross over,越えて渡る，越えていく(熟語),2986
instructional,教育の，指導的な(形容詞),2987
demographic,人口統計の，人口統計学の(形容詞),2988
politically,政治的に(副詞),2989
palatial,宮殿のような，豪華な(形容詞),2990
incredibly,信じられないほど(副詞),2991
terrain,地形(名詞),2992
availability,可用性，利用可能性(名詞),2993
self-esteem,自尊心(名詞),2994
reliability,信頼性(名詞),2995
catch up,遅れを取り戻す，追いつく，遅延を補う(熟語),2996
innovative,革新的な(形容詞),2997
short-term,短期の(形容詞),2998
ironically,皮肉なことに，逆説的に(副詞),2999
wear off,擦り切れる，徐々に減る(熟語),3000
loophole,抜け穴、例外や逃げ道(名詞),3001
dehydrate,脱水する，水を抜く(動詞),3002
annoy,いらだたせる，怒らせる(動詞),3003
wholesome,健全な，健康的な(形容詞),3004
abstain,控える，慎む(動詞),3005
disclosure,開示(名詞),3006
fumigate,燻蒸する(動詞),3007
embarrass,を恥ずかしがらせる，を恥じさせる(動詞),3008
irritate,イライラさせる，怒らせる(動詞),3009
tear down,解体する(熟語),3010
tease,からかう(動詞),3011
whisper,ささやく，を耳打ちする(動詞),3012
cope with,に対処する，に対応する(熟語),3013
cough up,咳払いする(熟語),3014
ashamed,恥じて，恥ずかしくて(形容詞),3015
addictive,中毒性の、依存性の(形容詞),3016
impulse,衝動，衝力(名詞),3017
maternity,妊娠(名詞),3018
eerie,不気味な，気味が悪い(形容詞),3019
proper,適切な，ふさわしい(形容詞),3020
conventional,従来の，伝統的な(形容詞),3021
adhere to,にくっつく(熟語),3022
fabricate,作り上げる，でっち上げる(動詞),3023
instigate,扇動する(動詞),3024
hesitate,ためらう，躊躇する(動詞),3025
compose,を構成する，作曲する(動詞),3026
estate,財産，資産(名詞),3027
notion,考え，意見(名詞),3028
unveil,明らかにする(動詞),3029
alleviate,和らげる，軽減する(動詞),3030
call off,を中止する(熟語),3031
drift,漂流，流れる(名詞),3032
feature,特徴，特性/を目玉とする(名詞／動詞),3033
foe,敵(名詞),3034
alteration,変更(名詞),3035
break out,勃発する(熟語),3036
orbit,"軌道, 軌跡(名詞)",3037
inspect,検査する(動詞),3038
amuse,楽しませる，娯楽を提供する(動詞),3039
charm,魅力，引力(名詞),3040
asset,資産，財産(名詞),3041
fade out,消える，消えていく(熟語),3042
magnify,拡大する，増大する(動詞),3043
bout,試合，競技(名詞),3044
sophisticated,洗練された，高雅な(形容詞),3045
bureau,事務局，たんす(名詞),3046
disrupt,混乱させる(動詞),3047
dispute,争議/論争する(名詞／動詞),3048
amicable,友好的な(形容詞),3049
sprout,芽，新芽(名詞),3050
abandon,を捨て去る，放棄する(動詞),3051
grumpy,気難しい(形容詞),3052
chatter,おしゃべり(名詞),3053
grouchy,不機嫌な(形容詞),3054
relevant,関連のある，適切な(形容詞),3055
acquit,無罪宣告する、無罪を証明する(動詞),3056
commit,専念，ゆだねる(動詞),3057
perch,止まり木(名詞),3058
in vain,無駄に，軽々しく(熟語),3059
nominal,名目上の、形式上の(形容詞),3060
suppress,抑える，抑圧する(動詞),3061
stem,幹(名詞),3062
translucent,半透明の、透けて見える(形容詞),3063
judicious,賢明な(形容詞),3064
axis,軸(名詞),3065
figure out,がわかる(熟語),3066
soothe,落ち着かせる，安定させる(動詞),3067
minute,分，議事録(名詞),3068
anthem,賛歌，賛美歌(名詞),3069
superficial,表面的な(形容詞),3070
peculiar,奇妙な，変わった(形容詞),3071
squeeze,絞る，押しつぶす(動詞),3072
expand,拡大する，広がる(動詞),3073
caricature,風刺画(名詞),3074
feasible,実行可能な，可能性のある(形容詞),3075
outdated,時代遅れの(形容詞),3076
neglect,を無視する，放っておく(動詞),3077
evasion,回避/避ける(名詞),3078
waver,揺らぐ、安定していない、ぐらつく(動詞),3079
surmount,乗り越える(動詞),3080
chronological,年代順の(形容詞),3081
oblivious,忘れっぽい，物忘れの激しい(形容詞),3082
hardy,丈夫な(形容詞),3083
commute,通勤する，取り替える(動詞),3084
blink,瞬きをする，瞬間を過ごす(動詞),3085
courteous,丁寧な(形容詞),3086
implicit,暗黙の(形容詞),3087
mundane,平凡な，普通の(形容詞),3088
compartment,区画(名詞),3089
admonish,訓戒する，警告する(動詞),3090
ascribe,のせいにする，責任を転嫁する(動詞),3091
candid,率直な、正直な(形容詞),3092
barrel,樽(名詞),3093
bystander,傍観者，見物人(名詞),3094
briefly,簡単に，手短に(副詞),3095
commission,手数料，委任状(名詞),3096
hang up,中断する(熟語),3097
investigation,調査，研究(名詞),3098
cowardly,臆病な(形容詞),3099
standstill,停止(名詞),3100
ammunition,弾薬(名詞),3101
accompany,に付き添う，に同行する(動詞),3102
relieve,和らげる，軽減する(動詞),3103
kinship,親族，家族(名詞),3104
troop,群れ，集団(名詞),3105
certify,証明する(動詞),3106
exposure,暴露，さらすこと(名詞),3107
adorable,愛らしい(形容詞),3108
commend,褒める，賞賛する(動詞),3109
subtle,微妙な，繊細な(形容詞),3110
appoint,任命する，指定する(動詞),3111
straddle,またがる，乗り越える(動詞),3112
propriety,礼儀，可否(名詞),3113
auditor,監査人(名詞),3114
frown upon,眉をひそめる(熟語),3115
encourage,を勇気づける，励ます(動詞),3116
enlist,入隊する，参加する(動詞),3117
itinerary,旅程(名詞),3118
cultivate,耕作する，耕す(動詞),3119
diagram,図(名詞),3120
alternate,代わりの(形容詞),3121
perspective,見解，見通し(名詞),3122
invisible,見えない，不可視な(形容詞),3123
nostalgic,懐かしい(形容詞),3124
outburst,爆発，爆破(名詞),3125
ominous,不吉な，不運な(形容詞),3126
burden,負担，重荷(名詞),3127
advocate,提唱する，主張する(動詞),3128
worthwhile,価値のある(形容詞),3129
crunchy,カリカリの，カタい(形容詞),3130
renovate,改修する，改装する(動詞),3131
tidy up,片付ける(熟語),3132
abide by,遵守する(熟語),3133
clueless,無知な、知識のない(形容詞),3134
miscellaneous,雑多な(形容詞),3135
wound,傷(名詞),3136
reprimand,厳しく叱る，注意する(動詞),3137
treaty,条約(名詞),3138
efficacy,効能，効果(名詞),3139
mutual,相互の，互いの(形容詞),3140
fidelity,忠実度(名詞),3141
overhaul,分解検査する，分析検査する(動詞),3142
absorb,を吸収する，吸い取る(動詞),3143
emerge,現れる(動詞),3144
hinder,妨げる(動詞),3145
topple,倒れる(動詞),3146
ritual,儀式，式典(名詞),3147
chore,雑用(名詞),3148
mumble,つぶやく(動詞),3149
attribute,に帰する(動詞),3150
condiment,調味料(名詞),3151
resolve,解決する，を決心する(動詞),3152
blister,水膨れ、水疱(名詞),3153
blast,爆風，突風(名詞),3154
verge,寸前，境界(名詞),3155
jovial,陽気な(形容詞),3156
suction,吸引(名詞),3157
delusion,妄想(名詞),3158
equivalent,等しい，同等の(形容詞),3159
dismay,がっかりさせる，失望させる(動詞),3160
assumption,想定，仮説(名詞),3161
twist,ねじれ，より合わせる(名詞),3162
falsify,改ざんする(動詞),3163
jumble,乱雑にする，乱す(動詞),3164
thread,糸(名詞),3165
aristocrat,貴族(名詞),3166
glance,一目見る/一目(名詞／動詞),3167
glide,滑る(動詞),3168
come across,を横切る，出くわす(熟語),3169
tighten up,締め付ける(熟語),3170
citation,引用/他人の言葉や文章を取り上げる(名詞),3171
ventilate,換気する(動詞),3172
viable,生存できる，生き抜く(形容詞),3173
vary,多様化する，異なる(動詞),3174
transient,一時的な(形容詞),3175
perilous,危険な(形容詞),3176
facade,正面，真正面(名詞),3177
federal,連邦の，連邦制の(形容詞),3178
armament,武装(名詞),3179
permeate,浸透する、染み込む、広がる(動詞),3180
combat,戦闘，闘争(名詞),3181
barely,かろうじて，やっと(副詞),3182
take over,"を引き継ぐ, 継承(熟語)",3183
demotion,降格(名詞),3184
audible,聞くことのできる(形容詞),3185
observation,観察，観測(名詞),3186
unified,統一された(形容詞),3187
synthesize,統合する、まとめる(動詞),3188
prejudice,先入観(名詞),3189
shaft,軸(名詞),3190
wipe up,拭く(熟語),3191
grasp,つかむ，把握する(動詞),3192
shrug,肩をすくめる，無視する(動詞),3193
acquaintance,知人，友人(名詞),3194
resilient,弾力性のある、柔軟な(形容詞),3195
distinction,区別，相違(名詞),3196
apparent,外見上の，明白な(形容詞),3197
adequate,適切で，十分な(形容詞),3198
cling to,にしがみつく(熟語),3199
inject,注入する(動詞),3200
ratio,比率(名詞),3201
alliance,同盟，協定(名詞),3202
upscale,高級な(形容詞),3203
pivot,回転軸，中心(名詞),3204
summit,頂上，山頂(名詞),3205
docile,扱いやすい(形容詞),3206
facile,安易な，手軽な(形容詞),3207
accord,一致する，調和する(動詞),3208
convey,伝える，運ぶ(動詞),3209
pursue,追い求める，追跡する(動詞),3210
entitle,と題する，と名づける(動詞),3211
dispense,分配する，排出する(動詞),3212
autograph,署名，サイン(名詞),3213
cram,詰め込む(動詞),3214
imply,をほのめかす，暗示する(動詞),3215
arduous,骨の折れる，困難な(形容詞),3216
prompt,即座の，直ちに(形容詞),3217
vessel,容器，器(名詞),3218
ransom,身代金，解放金(名詞),3219
intangible,触れられない(形容詞),3220
assess,評価する，査定する(動詞),3221
termination,終了，終わり(名詞),3222
austere,厳格な、厳重な(形容詞),3223
tenant,店子(名詞),3224
intuition,直感(名詞),3225
heritage,遺産，相続財産(名詞),3226
polarize,分極化する(動詞),3227
gaudy,派手(形容詞),3228
uplift,隆起(名詞),3229
constitute,構成する，組み立てる(動詞),3230
smudge,汚れ(名詞),3231
vault,丸天井，ドーム型の天井(名詞),3232
alleviated,軽減された(形容詞),3233
definition,定義，明確な説明(名詞),3234
physician,医師，内科医(名詞),3235
take after,をまねる，に似る(熟語),3236
excess,過剰，超過(名詞),3237
relegate,左遷する，異動させる(動詞),3238
sacrifice,犠牲，捧げ物(名詞),3239
apprehension,気遣い、不安、配慮や心配(名詞),3240
veil,覆うもの，口実(名詞),3241
garnish,飾る，装飾する(動詞),3242
appliance,家電，電化製品(名詞),3243
instill,注入する，打ち込む(動詞),3244
vital,極めて重要な，生命の(形容詞),3245
doze off,うとうと眠る(熟語),3246
lean,傾く，寄りかかる(動詞),3247
radical,急進的な，抜本的な(形容詞),3248
undergo,経験する，体験する(動詞),3249
cumulative,累積的な(形容詞),3250
outlook,見通し(名詞),3251
abstract,抽象的な，非具体的な(形容詞),3252
contemporary,現在の，現代の(形容詞),3253
opponent,相手，対象(名詞),3254
scatter,まき散らす，ばらまく(動詞),3255
principle,原理(名詞),3256
collapse,崩壊する，つぶれる(動詞),3257
thrifty,倹約な(形容詞),3258
faith,信頼，信用(名詞),3259
forgery,偽造(名詞),3260
tactical,戦術的な(形容詞),3261
asteroid,小惑星(名詞),3262
essential,不可欠な(形容詞),3263
component,成分(名詞),3264
chaotic,混沌とした(形容詞),3265
recall,呼び戻す，思い出す(動詞),3266
encounter,遭遇する，出会う(動詞),3267
venture,冒険的事業，投機的事業(名詞),3268
catastrophe,大惨事(名詞),3269
uptight,きつい(形容詞),3270
tangle,もつれさせる，絡ませる，混乱させる(動詞),3271
ameliorate,改善する(動詞),3272
simmer,煮る(動詞),3273
associate,結びつけて考える，賛同する(動詞),3274
envoy,使者、代理人や遣使(名詞),3275
beckon,手招きする(動詞),3276
appropriate,適当な，充当する(形容詞),3277
memento,記念品(名詞),3278
congregate,集まる(動詞),3279
audacity,大胆さ(名詞),3280
phobia,恐怖症(名詞),3281
thief,泥棒(名詞),3282
permanent,永久の，永遠の(形容詞),3283
assure,保証する，確証する(動詞),3284
synchronize,同期する(動詞),3285
throw up,吐く(熟語),3286
repeal,廃止する，中止する(動詞),3287
thrust,突き上げる(動詞),3288
seize,つかむ，把握する(動詞),3289
embrace,を抱きしめる，擁する(動詞),3290
chuckle,含み笑い、ほくそ笑い(名詞),3291
configuration,構成(名詞),3292
grate,格子，格子状(名詞),3293
sit up,まっすぐ座る(熟語),3294
stop over,立ち寄る(熟語),3295
brag,自慢(動詞),3296
idle,停止状態(形容詞),3297
ancestor,祖先，先祖(名詞),3298
exhaust,疲れ果てさせる，消耗させる(動詞),3299
confine,制限する，限定する(動詞),3300
commemoration,記念(名詞),3301
stature,身長，身の丈(名詞),3302
nauseous,吐き気がする(形容詞),3303
dominance,支配(名詞),3304
passive,受身の，消極的な(形容詞),3305
accustom,慣れる(動詞),3306
hibernate,冬眠する(動詞),3307
bid,入札する(動詞),3308
allocate,割り当てる(動詞),3309
verbal,言葉の，語句の(形容詞),3310
mural,壁画，天井画(名詞),3311
constellation,星座(名詞),3312
nosy,詮索好きな(形容詞),3313
evolve,進化する，発展する(動詞),3314
competent,有能な(形容詞),3315
empathy,共感，感情移入(名詞),3316
scam,詐欺(名詞),3317
illiterate,読み書きのできない(形容詞),3318
amnesty,恩赦(名詞),3319
attach,を貼り付ける，を貼る(動詞),3320
dormitory,寮，大部屋(名詞),3321
strain,張る，伸ばす(動詞),3322
solitude,孤独(名詞),3323
intruder,侵入者(名詞),3324
wander,放浪する(動詞),3325
discourage,落胆させる(動詞),3326
impose,を課す，負わせる(動詞),3327
absolute,絶対的な，完全な(形容詞),3328
flammable,可燃性(形容詞),3329
eliminate,を取り除く，を排除する(動詞),3330
detonate,爆発させる、破裂させる(動詞),3331
look over,見渡す，展望する(熟語),3332
aimless,目的のない(形容詞),3333
immigrate,移住する，移転する(動詞),3334
archive,書庫，保存場所(名詞),3335
gulf,湾(名詞),3336
drain,排出させる，排水をする(動詞),3337
eject,追い出す、排除する(動詞),3338
break in,押し入る(熟語),3339
villainous,極悪人の，悪役の(形容詞),3340
prior,優先の，前の(形容詞),3341
predict,を予想する，を予測する(動詞),3342
compliment,褒め言葉(名詞),3343
artifact,遺物，工芸品(名詞),3344
bail out,脱出する，救済する(熟語),3345
sustain,保持する，維持する(動詞),3346
carry out,を成し遂げる，実行する(熟語),3347
fold,折りたたむ，畳む(動詞),3348
Arctic,北極地方(名詞),3349
cut back on,切り戻す(熟語),3350
dodge,かわす，よける(動詞),3351
bankrupt,破産(形容詞),3352
contract,契約，協定(名詞),3353
justify,正当化する，合理化する(動詞),3354
replenish,補充する、足りないものを追加する(動詞),3355
hurdle,課題，困難(名詞),3356
admission,入場，入場料(名詞),3357
domestic,国内の，家庭の(形容詞),3358
nourish,養う、育てる、支える(動詞),3359
tension,緊張(名詞),3360
correspond,対応する，反応する(動詞),3361
a wide range of,広範囲の(熟語),3362
witness,目撃者，証人/を目撃する(名詞),3363
primitive,原始的な，先史的な(形容詞),3364
acknowledge,を認める，認める(動詞),3365
aid,援助/助ける(名詞),3366
demote,降格する(動詞),3367
foil,箔，金属の箔(名詞),3368
garble,文字化けする(動詞),3369
groom,新郎(名詞),3370
adhere,遵守する(動詞),3371
endangered,絶滅の危機にさらされている(形容詞),3372
auditorium,講堂(名詞),3373
fussy,小うるさい(形容詞),3374
immerse,浸す，没入する(動詞),3375
abstain from,を控える，慎む(熟語),3376
swipe,拭く(動詞),3377
blatant,露骨な，あからさまな(形容詞),3378
outcast,追放された，追い出された(名詞),3379
choke,のどに詰まらせる(動詞),3380
crisp,新鮮な，さっぱりした(形容詞),3381
corridor,廊下，通路(名詞),3382
generate,発生させる，起こす(動詞),3383
sloppy,ずさんな，いい加減な(形容詞),3384
conflict,対立，争い(名詞),3385
cave in,陥没する(熟語),3386
conviction,信念，確信(名詞),3387
serene,穏やかな(形容詞),3388
bundle,束，一揃い(名詞),3389
gratuity,心付け(名詞),3390
annotation,注釈(名詞),3391
sarcasm,皮肉，嘲笑，冷笑(名詞),3392
instinct,直感，本能，勘(名詞),3393
buffer,緩衝，緩和(名詞),3394
out of date,時代遅れの，古風な(熟語),3395
acid,酸の，酸性の(形容詞),3396
discriminate,差別する(動詞),3397
rational,理性的な，合理的な(形容詞),3398
foundation,土台，根拠，設立(名詞),3399
vibrant,活気のある(形容詞),3400